"Id","Imp_Innov","Imp_ConstCom","Imp_CreatCom","Imp_TimelyInf","Imp_SaveMT","Imp_SaveML","Imp_TaskMgm","Imp_DeviceSt","Imp_Photo","Imp_Wellness","Imp_Athlete","Imp_Style","WTP","iPhone","CompBuy","Occup_Health","Occup_Finc","Occup_Sales","Occup_Advt","Occup_Edu","Occup_Cons","Occup_Eng","Occup_Tech","Occup_Retail","Occup_SMB","FB_Insta","Twit","Snap","YouTube","Pod_radio","TV","NewsP","AmznP","Age","Female","Degree","Income_Lower40k","Income_40k_to_70k","Income_71k_to_100k","Income_101k_to_157k","cluster_kmeans"
1,3,3,5,2,4,4,3,3,3,2,3,3,200,0,0,0,0,0,1,0,0,0,0,0,0,1,0,0,0,0,1,0,1,38,1,1,0,1,0,0,2
2,5,6,2,6,2,4,6,6,2,5,3,1,350,1,0,1,0,0,0,0,0,0,0,0,0,1,1,1,1,1,0,1,1,38,0,0,0,0,1,0,3
3,7,7,3,4,2,4,4,4,1,6,4,1,220,0,0,1,0,0,0,0,0,0,0,0,0,1,1,0,1,1,1,1,0,42,0,1,0,0,1,0,3
4,4,7,4,5,3,3,4,5,1,5,4,4,320,1,1,1,0,0,0,0,0,0,0,0,0,1,1,1,1,1,0,1,1,35,0,0,0,0,0,0,3
5,7,7,2,4,2,4,2,6,1,3,2,4,250,0,1,1,0,0,0,0,0,0,0,0,0,1,1,1,1,1,1,1,1,36,0,1,0,0,1,0,3
6,3,2,6,1,5,4,3,2,4,2,4,3,140,1,1,0,0,1,0,0,0,0,0,0,0,1,1,0,1,1,1,0,0,47,1,0,0,1,0,0,2
7,7,7,2,7,2,4,3,6,1,3,1,4,310,1,1,1,0,0,0,0,0,0,0,0,0,1,1,0,1,1,1,1,1,36,1,1,0,0,0,0,3
8,5,7,3,5,2,4,6,5,3,2,2,3,340,1,1,1,0,0,0,0,0,0,0,0,0,1,1,1,1,1,1,1,1,41,0,1,0,0,1,0,3
9,3,6,4,5,3,5,6,3,3,5,3,5,150,1,0,0,0,0,0,0,0,0,0,1,0,1,1,0,1,1,1,0,1,46,0,1,0,1,0,0,1
10,5,5,7,6,5,4,6,3,4,5,5,3,240,0,0,0,0,0,0,0,0,0,1,0,0,1,0,1,1,0,1,1,1,28,0,1,0,0,1,0,1
11,5,6,7,5,4,5,6,3,1,7,6,6,290,1,0,1,0,0,0,0,0,0,0,0,0,1,0,0,1,0,1,1,1,30,1,1,0,0,1,0,1
12,4,7,4,1,5,7,6,4,3,7,6,6,290,1,1,1,0,0,0,0,0,0,0,0,0,1,1,1,0,1,1,1,1,32,1,0,0,0,0,1,1
13,7,7,1,7,2,3,4,4,1,4,2,4,220,1,1,1,0,0,0,0,0,0,0,0,0,1,1,0,1,1,0,1,0,40,0,0,0,0,1,0,3
14,7,7,2,5,1,3,3,5,1,3,2,3,200,1,1,0,0,0,0,0,0,0,0,0,1,1,0,1,0,1,1,1,0,37,0,0,0,0,1,0,3
15,5,4,4,2,5,7,3,5,3,6,7,6,220,1,0,1,0,0,0,0,0,0,0,0,0,1,0,0,0,1,1,0,1,25,1,1,0,1,0,0,1
16,3,6,6,3,3,4,6,4,2,3,3,5,210,1,1,0,0,0,0,0,0,1,0,0,0,1,1,0,0,0,1,0,1,47,0,0,0,0,1,0,1
17,7,7,1,6,2,4,3,6,1,4,3,3,240,1,1,0,1,0,0,0,0,0,0,0,0,1,1,0,0,1,1,1,1,45,1,0,0,0,1,0,3
18,4,5,5,4,2,1,5,1,1,2,1,4,200,1,0,0,0,0,1,0,0,0,0,0,0,1,0,0,1,0,1,1,0,32,0,1,1,0,0,0,2
19,4,4,4,3,4,6,4,6,2,5,6,6,170,1,0,1,0,0,0,0,0,0,0,0,0,1,0,1,0,0,1,0,1,30,0,1,0,1,0,0,1
20,4,4,7,5,6,5,4,1,2,2,4,4,180,0,0,0,0,0,1,0,0,0,0,0,0,1,1,0,1,1,0,1,0,32,0,1,1,0,0,0,2
21,6,7,7,5,5,7,6,4,4,6,6,6,220,1,0,1,0,0,0,0,0,0,0,0,0,1,0,0,0,0,1,1,1,33,1,1,0,0,0,0,1
22,3,3,3,3,4,2,6,2,3,5,5,4,290,0,1,1,0,0,0,0,0,0,0,0,0,1,1,0,1,1,1,0,0,41,0,1,1,0,0,0,2
23,4,5,5,2,5,4,6,2,4,5,5,3,210,1,0,0,1,0,0,0,0,0,0,0,0,1,1,0,1,0,1,0,0,45,1,1,1,0,0,0,1
24,4,7,2,7,3,4,6,4,1,3,2,4,240,1,1,0,0,0,1,0,0,0,0,0,0,1,1,1,1,1,0,1,1,37,1,0,0,0,1,0,3
25,4,1,6,3,4,4,5,3,4,2,4,3,160,1,0,0,0,0,0,0,0,0,0,1,0,0,0,0,1,0,1,0,0,41,1,1,0,1,0,0,2
26,4,1,1,6,4,7,2,5,3,5,6,6,190,1,1,1,0,0,0,0,0,0,0,0,0,0,1,1,1,1,0,1,1,26,1,0,0,0,0,1,1
27,3,6,3,4,3,5,6,3,3,3,4,5,200,1,1,0,1,0,0,0,0,0,0,0,0,1,1,0,1,1,1,1,0,45,1,0,0,0,1,0,1
28,7,7,2,7,2,5,5,7,1,3,1,3,320,1,1,0,1,0,0,0,0,0,0,0,0,1,0,0,1,1,1,1,0,39,0,0,0,0,0,0,3
29,4,7,3,7,3,4,6,4,1,5,3,5,220,1,1,0,1,0,0,0,0,0,0,0,0,1,1,0,0,1,1,1,0,43,0,1,0,0,1,0,3
30,4,6,7,4,3,5,4,4,1,6,6,6,280,1,1,1,0,0,0,0,0,0,0,0,0,1,1,0,0,1,1,1,1,34,1,1,0,0,0,1,1
31,3,4,4,4,3,4,4,3,1,3,3,4,190,1,0,0,0,0,0,0,0,0,0,1,0,0,0,0,1,0,1,0,0,42,1,1,0,1,0,0,2
32,6,3,7,7,4,6,6,4,1,7,5,6,220,1,1,1,0,0,0,0,0,0,0,0,0,1,1,0,0,1,0,1,1,34,1,0,0,0,0,1,1
33,3,6,4,5,3,4,7,4,1,6,4,6,240,1,0,1,0,0,0,0,0,0,0,0,0,1,1,0,0,1,0,1,1,31,1,0,0,0,0,0,1
34,4,2,4,5,3,5,2,4,3,5,6,4,220,0,1,1,0,0,0,0,0,0,0,0,0,1,1,1,1,1,1,1,1,27,0,0,0,0,1,0,1
35,4,6,7,3,5,4,3,3,4,5,6,4,200,0,0,0,0,0,1,0,0,0,0,0,0,1,0,0,1,0,1,1,0,35,0,1,1,0,0,0,1
36,5,4,6,4,5,4,1,4,5,4,5,4,170,0,0,0,0,0,0,0,0,1,0,0,0,1,0,0,1,0,1,0,0,40,1,0,0,0,0,1,2
37,7,6,2,7,3,3,5,4,3,2,2,3,180,1,1,0,1,0,0,0,0,0,0,0,0,1,1,1,1,1,1,1,1,44,0,1,0,0,0,0,3
38,4,6,7,7,5,6,4,3,3,6,6,6,170,1,0,1,0,0,0,0,0,0,0,0,0,1,0,0,0,0,1,0,0,25,0,0,0,1,0,0,1
39,5,6,3,7,2,4,3,7,2,5,3,3,340,1,1,0,1,0,0,0,0,0,0,0,0,1,1,0,1,1,0,1,0,35,1,1,0,0,1,0,3
40,1,4,3,5,3,3,5,4,3,2,1,4,190,1,1,0,0,0,1,0,0,0,0,0,0,1,0,0,1,1,1,0,0,40,1,0,0,1,0,0,2
41,4,7,3,7,2,4,5,6,1,5,3,3,200,1,1,0,1,0,0,0,0,0,0,0,0,1,1,0,1,1,1,1,0,36,0,1,0,0,0,1,3
42,2,3,4,2,3,2,3,1,4,2,3,3,220,0,0,0,0,0,0,0,0,0,1,0,0,1,1,0,1,1,0,1,0,32,1,1,0,0,1,0,2
43,5,6,4,7,3,5,3,3,1,6,5,6,250,1,0,1,0,0,0,0,0,0,0,0,0,1,0,1,0,1,0,1,1,34,1,0,0,0,1,0,1
44,7,7,3,5,2,4,4,4,1,6,4,4,210,1,1,0,1,0,0,0,0,0,0,0,0,1,1,0,1,1,1,1,1,40,1,1,0,0,1,0,3
45,4,7,3,7,5,5,5,4,1,7,3,6,200,1,0,1,0,0,0,0,0,0,0,0,0,1,0,0,0,1,0,1,1,35,1,0,0,0,0,0,1
46,5,5,6,5,3,3,4,3,6,4,4,5,180,0,1,0,0,0,1,0,0,0,0,0,0,1,0,0,0,0,1,0,0,34,1,1,0,0,1,0,2
47,5,5,4,5,7,6,4,2,1,5,5,4,210,1,0,0,0,0,1,0,0,0,0,0,0,1,1,1,1,1,1,1,0,33,1,1,0,0,1,0,1
48,6,7,4,7,3,4,5,5,2,6,4,3,230,1,1,0,1,0,0,0,0,0,0,0,0,1,1,1,1,1,0,1,1,43,0,1,0,0,0,1,3
49,3,1,4,1,7,2,3,1,5,2,3,4,150,1,0,0,0,0,0,0,0,0,0,1,0,1,0,0,1,1,1,0,0,41,1,1,0,0,1,0,2
50,3,5,5,4,1,3,6,2,3,5,5,4,120,0,0,0,0,0,0,0,0,0,1,0,0,1,1,0,1,1,0,1,0,36,1,1,1,0,0,0,2
51,7,6,3,7,1,4,4,5,1,5,2,3,180,1,1,0,1,0,0,0,0,0,0,0,0,0,0,0,0,1,1,1,0,38,0,0,0,0,0,0,3
52,5,5,7,5,5,5,6,3,4,6,5,5,210,0,0,0,0,0,1,0,0,0,0,0,0,1,0,1,1,0,1,1,1,25,0,1,0,1,0,0,1
53,4,5,4,7,6,7,3,6,3,5,6,4,150,0,0,1,0,0,0,0,0,0,0,0,0,1,0,1,1,0,1,1,0,24,1,0,0,1,0,0,1
54,4,7,1,5,2,3,6,4,1,1,1,3,230,1,1,0,1,0,0,0,0,0,0,0,0,1,1,1,1,1,0,1,1,40,1,0,0,0,1,0,3
55,2,6,3,3,7,5,6,3,2,6,3,4,140,1,0,0,0,0,0,0,0,0,0,1,0,0,0,0,1,0,1,0,0,42,1,1,0,1,0,0,1
56,6,6,4,5,7,5,6,3,1,6,4,7,140,1,1,0,1,0,0,0,0,0,0,0,0,1,1,1,1,1,1,1,0,34,1,0,0,1,0,0,1
57,5,6,7,1,4,4,6,4,1,7,5,6,240,1,0,1,0,0,0,0,0,0,0,0,0,1,0,1,0,1,0,1,1,31,1,0,0,0,0,1,1
58,4,7,4,7,4,4,5,4,1,6,4,6,190,1,0,1,0,0,0,0,0,0,0,0,0,1,0,0,0,1,0,0,1,32,1,0,0,0,0,0,1
59,6,7,6,2,4,6,6,4,1,7,5,6,230,1,0,1,0,0,0,0,0,0,0,0,0,1,0,1,0,0,0,0,1,29,1,0,0,0,0,0,1
60,3,3,4,4,3,4,5,4,4,2,3,3,240,0,1,0,0,1,0,0,0,0,0,0,0,1,1,0,1,1,0,1,0,41,1,1,0,0,0,1,2
61,6,4,7,2,5,4,6,3,5,5,5,5,200,0,0,0,0,0,1,0,0,0,0,0,0,1,1,0,0,1,1,1,0,29,1,1,0,1,0,0,1
62,6,7,1,6,1,3,6,6,3,2,1,4,340,1,1,0,1,0,0,0,0,0,0,0,0,1,1,0,1,1,1,1,1,42,1,0,0,0,1,0,3
63,6,6,4,6,3,4,6,4,3,4,4,3,380,1,1,0,1,0,0,0,0,0,0,0,0,1,1,1,1,1,0,1,1,39,0,1,0,0,0,1,3
64,3,3,5,5,4,3,4,2,4,3,4,3,220,0,0,0,0,0,0,1,0,0,0,0,0,1,1,1,1,1,0,1,0,36,1,1,0,0,1,0,2
65,4,4,6,3,5,4,6,3,4,3,4,4,170,0,0,0,0,0,0,0,0,0,1,0,0,0,0,0,1,0,1,0,0,34,1,1,0,0,1,0,2
66,5,7,7,7,4,6,5,4,1,6,5,7,270,1,1,1,0,0,0,0,0,0,0,0,0,1,0,0,0,1,0,0,1,35,1,0,0,0,0,1,1
67,6,6,7,3,6,4,6,3,4,6,5,4,190,0,0,0,0,0,1,0,0,0,0,0,0,1,1,0,0,1,1,1,0,30,1,1,0,0,0,1,1
68,4,5,5,4,4,3,6,2,4,4,3,3,240,0,1,0,0,0,0,0,0,1,0,0,0,0,0,0,1,0,1,0,0,40,1,0,0,0,1,0,2
69,2,3,5,5,4,4,5,3,4,1,2,4,170,0,0,0,0,0,0,0,1,0,0,0,0,1,0,1,1,0,1,0,0,41,1,1,1,0,0,0,2
70,7,7,3,4,2,5,5,7,2,5,3,3,310,1,1,0,1,0,0,0,0,0,0,0,0,1,0,0,1,1,1,1,1,42,1,1,0,0,1,0,3
71,4,2,4,1,3,4,2,5,6,3,4,3,240,1,1,1,0,0,0,0,0,0,0,0,0,1,1,1,1,1,1,0,0,41,1,0,0,0,1,0,2
72,3,6,5,5,4,2,5,1,3,4,4,4,180,0,0,0,0,0,0,0,0,0,1,0,0,1,1,1,1,1,0,1,0,35,1,1,1,0,0,0,2
73,7,7,6,5,4,5,5,4,2,7,5,7,290,1,0,1,0,0,0,0,0,0,0,0,0,1,0,1,0,1,0,1,1,34,1,1,0,0,0,0,1
74,3,7,7,5,5,5,1,4,5,6,6,3,140,1,0,0,0,0,0,0,0,0,1,0,0,1,0,1,1,0,1,1,0,35,1,1,0,0,0,1,1
75,4,7,4,4,3,3,4,5,1,5,4,4,190,1,1,0,1,0,0,0,0,0,0,0,0,1,1,1,1,1,1,1,0,40,0,1,0,0,1,0,3
76,5,5,6,5,5,3,4,2,4,5,4,5,220,0,0,0,0,0,1,0,0,0,0,0,0,1,1,0,0,0,1,0,1,27,1,1,0,0,1,0,1
77,5,6,6,7,4,6,2,3,4,6,6,6,180,0,0,1,0,0,0,0,0,0,0,0,0,0,1,1,0,0,1,0,0,25,1,0,0,0,1,0,1
78,4,4,5,3,4,4,1,4,5,3,3,3,170,1,0,0,0,0,0,1,0,0,0,0,0,1,1,0,1,1,0,1,1,37,1,1,0,0,1,0,2
79,3,4,5,5,4,4,5,3,3,2,2,3,200,1,0,0,0,0,0,0,1,0,0,0,0,1,0,0,1,0,1,0,1,40,1,1,0,0,0,1,2
80,3,5,4,5,5,6,2,4,2,5,7,4,160,0,0,1,0,0,0,0,0,0,0,0,0,1,1,1,0,1,1,1,0,24,1,0,0,0,1,0,1
81,4,4,4,4,5,6,3,5,4,6,7,6,180,0,0,1,0,0,0,0,0,0,0,0,0,1,0,1,1,1,1,1,0,25,1,0,0,0,0,1,1
82,5,3,6,2,5,3,4,2,6,5,5,5,220,1,0,0,0,0,1,0,0,0,0,0,0,1,1,0,0,0,1,0,0,25,1,1,0,0,1,0,2
83,5,5,5,5,4,3,5,3,5,4,4,5,190,0,0,0,0,1,0,0,0,0,0,0,0,1,1,1,1,1,1,1,0,33,1,1,0,0,0,1,1
84,3,7,7,6,5,7,7,4,2,7,5,7,240,1,0,1,0,0,0,0,0,0,0,0,0,1,0,0,1,1,0,1,1,27,1,1,0,0,0,1,1
85,4,4,6,4,5,4,2,1,3,4,4,4,140,0,0,0,0,0,0,0,0,0,1,0,0,1,0,0,1,0,1,0,0,35,1,1,0,0,0,1,2
86,7,6,3,6,2,3,4,4,1,5,3,4,240,1,1,0,1,0,0,0,0,0,0,0,0,1,1,0,1,1,1,1,1,40,1,1,0,0,0,1,3
87,4,5,4,4,3,2,6,2,5,3,2,3,150,0,0,0,0,0,0,0,1,0,0,0,0,1,1,0,1,1,1,0,1,44,1,1,1,0,0,0,2
88,3,4,1,3,4,5,3,1,2,4,4,4,240,0,1,0,1,0,0,0,0,0,0,0,0,1,1,0,1,1,1,1,1,43,1,1,1,0,0,0,2
89,1,3,6,3,3,1,3,4,4,1,1,4,120,0,0,0,0,0,1,0,0,0,0,0,0,1,1,0,1,1,1,1,0,37,1,1,1,0,0,0,2
90,3,6,3,7,4,7,6,4,2,7,5,5,240,1,0,1,0,0,0,0,0,0,0,0,0,1,0,1,1,1,0,1,1,35,1,1,0,0,0,1,1
91,5,6,3,6,3,7,6,4,4,7,5,7,300,1,0,1,0,0,0,0,0,0,0,0,0,1,0,0,1,1,1,1,1,34,1,1,0,0,1,0,1
92,4,3,4,2,4,2,6,1,4,4,4,3,230,0,1,0,1,0,0,0,0,0,0,0,0,1,0,0,1,1,1,0,0,39,1,1,0,0,1,0,2
93,1,4,5,4,3,5,3,4,5,7,5,5,160,0,0,0,0,0,0,0,0,0,0,0,0,1,0,0,1,0,1,0,0,39,1,1,0,0,0,1,1
94,4,6,4,7,2,2,5,4,5,5,3,6,170,1,0,0,0,0,0,0,0,0,0,0,1,1,1,0,1,0,1,0,1,42,1,1,0,0,1,0,3
95,5,7,3,7,2,5,6,4,6,6,3,5,190,0,1,1,0,0,0,0,0,0,0,0,0,1,1,0,1,1,1,1,0,44,0,1,0,0,1,0,1
96,4,4,3,4,4,6,6,2,6,4,4,3,240,0,0,0,0,0,0,0,0,0,0,0,0,1,0,0,1,1,1,1,1,39,0,1,0,0,1,0,2
97,3,2,4,2,3,6,4,4,3,2,3,3,160,1,0,0,0,0,0,0,0,0,0,1,0,1,0,0,1,1,1,1,1,39,1,1,0,1,0,0,2
98,7,7,1,6,3,3,3,5,3,5,3,4,200,0,1,0,1,0,0,0,0,0,0,0,0,1,1,0,0,0,1,1,1,42,0,1,0,0,1,0,3
99,5,5,5,5,2,3,6,2,3,2,1,4,120,1,0,0,0,0,0,0,0,0,0,1,0,1,0,0,1,0,1,0,0,39,1,1,0,1,0,0,2
100,7,6,7,6,2,1,6,5,3,4,3,3,240,0,1,0,1,0,0,0,0,0,0,0,0,0,0,0,0,0,1,1,1,43,1,1,0,0,1,0,3
101,3,5,1,4,2,5,5,4,3,1,1,3,170,0,1,0,0,1,0,0,0,0,0,0,0,1,0,0,1,0,1,0,1,40,1,1,0,1,0,0,3
102,5,7,7,4,5,1,6,4,7,3,5,7,160,1,0,0,0,0,0,0,0,0,0,0,0,1,1,1,1,1,0,1,0,25,1,1,0,0,0,1,1
103,5,4,6,2,6,4,6,1,6,6,4,5,200,0,0,0,1,0,0,0,0,0,0,0,0,1,1,1,0,1,1,0,0,31,1,1,0,1,0,0,1
104,3,3,3,4,3,3,6,4,3,2,2,4,210,1,1,0,1,0,0,0,0,0,0,0,0,1,0,0,1,1,1,0,0,40,1,1,0,0,0,1,2
105,4,5,3,5,5,4,5,4,3,6,4,4,290,1,0,1,0,0,0,0,0,0,0,0,0,1,0,0,1,0,1,1,1,31,1,1,0,0,1,0,1
106,3,3,4,1,3,2,4,1,2,3,4,3,170,1,0,0,0,0,0,0,0,0,0,1,0,1,1,0,1,1,1,0,0,41,0,1,0,0,0,1,2
107,5,7,7,5,3,5,6,4,6,6,5,7,250,1,0,1,0,0,0,0,0,0,0,0,0,1,0,0,0,1,1,0,1,31,1,0,0,0,1,0,1
108,3,4,3,4,3,2,6,4,5,7,6,4,280,0,1,1,0,0,0,0,0,0,0,0,0,1,0,0,1,0,1,0,0,38,1,1,0,0,1,0,1
109,4,5,4,5,5,7,2,6,3,5,7,4,160,0,0,1,0,0,0,0,0,0,0,0,0,0,0,1,0,1,1,0,0,27,0,0,0,0,0,0,1
110,5,5,3,5,3,2,6,2,2,4,2,3,180,0,0,0,0,0,0,1,0,0,0,0,0,1,0,0,1,0,1,1,1,37,0,1,0,0,0,1,2
111,3,4,6,4,4,6,5,5,3,5,7,4,210,0,0,1,0,0,0,0,0,0,0,0,0,1,0,0,0,1,1,1,1,27,0,0,0,0,1,0,1
112,6,6,3,6,3,4,6,4,2,4,4,3,370,0,1,0,1,0,0,0,0,0,0,0,0,1,0,1,1,1,1,1,1,38,0,1,0,0,0,1,3
113,3,6,7,7,5,6,6,5,1,7,5,6,280,1,0,1,0,0,0,0,0,0,0,0,0,1,0,0,1,1,1,1,1,34,1,0,0,0,0,1,1
114,3,3,5,3,4,4,4,3,3,2,3,3,120,1,0,0,0,0,0,0,0,0,0,1,0,1,0,0,1,0,1,1,0,39,1,1,0,0,1,0,2
115,4,6,4,5,4,4,5,5,1,6,4,6,240,1,0,1,0,0,0,0,0,0,0,0,0,1,0,0,0,1,1,0,1,34,1,0,0,0,0,0,1
116,6,6,7,6,3,4,6,3,4,6,5,4,190,0,0,0,0,0,1,0,0,0,0,0,0,1,1,1,1,1,0,1,0,25,1,1,0,0,1,0,1
117,4,4,5,4,5,3,6,3,5,3,4,3,100,0,0,0,0,0,0,1,0,0,0,0,0,1,0,0,1,0,1,1,1,38,1,1,0,0,0,1,2
118,6,7,7,4,6,5,6,4,5,5,5,5,230,1,0,0,0,0,1,0,0,0,0,0,0,1,1,1,1,1,0,1,0,26,1,1,0,0,0,1,1
119,4,5,4,5,2,2,5,1,1,3,2,4,140,0,0,0,0,0,0,0,1,0,0,0,0,1,0,0,1,0,1,0,0,42,0,1,0,1,0,0,2
120,4,4,4,4,6,5,4,3,2,5,5,6,170,1,0,0,0,0,0,0,0,0,0,0,0,1,1,1,1,1,1,1,0,35,1,1,0,0,0,1,1
121,4,4,3,4,3,5,5,7,4,6,5,4,180,0,0,1,0,0,0,0,0,0,0,0,0,1,0,1,1,1,1,0,1,28,0,0,0,0,0,0,1
122,6,7,6,4,7,5,6,5,1,7,5,7,240,1,0,1,0,0,0,0,0,0,0,0,0,1,0,0,1,1,1,1,1,26,1,0,0,0,0,1,1
123,3,6,7,7,1,6,6,4,2,5,4,5,190,1,1,0,0,0,0,0,0,1,0,0,0,1,1,0,1,0,1,0,1,44,0,1,0,1,0,0,1
124,4,3,4,3,1,5,4,7,4,6,5,4,210,0,0,1,0,0,0,0,0,0,0,0,0,0,1,1,0,1,1,0,1,29,0,0,0,0,1,0,1
125,3,6,7,6,4,7,6,5,2,7,5,7,220,1,0,1,0,0,0,0,0,0,0,0,0,1,0,0,0,1,1,0,1,37,1,0,0,0,0,1,1
126,5,5,7,5,2,4,6,1,6,5,5,5,200,1,1,0,0,0,0,0,0,0,0,0,1,1,0,0,1,0,1,0,0,39,1,1,0,1,0,0,1
127,3,6,3,5,5,2,6,6,2,4,3,4,180,1,0,0,0,0,0,0,0,0,1,0,0,1,0,0,1,0,1,0,0,36,1,1,0,1,0,0,3
128,5,4,5,6,6,7,2,6,6,5,5,4,230,1,0,1,0,0,0,0,0,0,0,0,0,1,1,1,0,1,1,0,1,28,1,0,0,0,0,1,1
129,7,5,7,4,6,4,6,4,6,3,4,4,200,1,0,0,0,0,1,0,0,0,0,0,0,1,1,1,1,1,0,1,0,25,0,1,0,0,1,0,1
130,4,4,3,3,4,3,6,2,3,2,3,4,180,0,1,0,0,0,0,0,0,0,1,0,0,1,0,0,1,0,1,0,0,39,1,1,0,1,0,0,2
131,5,6,6,6,3,4,6,5,1,7,5,5,280,1,0,1,0,0,0,0,0,0,0,0,0,1,0,0,1,1,1,1,1,33,1,0,0,0,0,1,1
132,5,5,7,4,6,4,6,2,2,6,5,5,200,0,0,0,0,0,1,0,0,0,0,0,0,1,1,0,0,0,1,0,0,25,1,1,0,1,0,0,1
133,4,4,4,4,3,4,5,3,3,6,5,4,190,1,0,1,0,0,0,0,0,0,0,0,0,1,1,1,1,1,0,1,1,26,1,1,0,0,0,1,1
134,7,7,4,5,3,4,6,5,4,6,5,7,270,1,0,1,0,0,0,0,0,0,0,0,0,1,0,0,1,1,1,1,1,33,1,0,0,0,1,0,1
135,2,4,1,3,1,2,3,1,3,1,1,3,230,0,0,0,0,1,0,0,0,0,0,0,0,1,1,0,1,1,1,1,0,41,1,1,0,1,0,0,2
136,4,4,4,3,5,6,2,4,2,5,7,4,130,0,0,0,1,0,0,0,0,0,0,0,0,1,1,1,1,1,0,1,1,25,1,1,0,0,0,0,1
137,4,6,4,6,3,4,5,4,3,6,4,5,150,0,0,0,0,0,0,1,0,0,0,0,0,1,1,0,1,1,0,1,0,38,1,1,0,1,0,0,1
138,4,5,6,5,4,4,6,5,2,4,4,4,330,1,1,0,1,0,0,0,0,0,0,0,0,1,0,0,0,1,1,0,1,34,1,0,0,0,0,0,1
139,4,7,3,7,2,4,6,6,2,5,2,3,190,1,1,0,1,0,0,0,0,0,0,0,0,0,1,1,0,0,1,1,0,40,1,1,0,0,1,0,3
140,7,7,1,7,2,3,5,5,1,1,1,1,200,1,1,0,1,0,0,0,0,0,0,0,0,1,1,1,1,1,0,1,0,43,1,0,0,0,1,0,3
141,5,5,7,5,5,4,6,3,7,5,5,5,180,1,1,0,0,0,1,0,0,0,0,0,0,1,1,0,0,0,1,0,0,31,0,1,0,1,0,0,1
142,3,4,5,4,4,6,4,4,6,6,6,4,170,0,0,0,1,0,0,0,0,0,0,0,0,1,0,1,1,1,0,1,1,28,0,1,0,0,0,0,1
143,3,4,7,5,3,5,6,5,3,6,4,5,320,1,1,0,1,0,0,0,0,0,0,0,0,1,0,0,1,1,1,1,1,34,1,0,0,0,0,0,1
144,4,3,5,3,4,4,3,4,2,3,4,4,190,1,0,0,0,0,0,0,0,1,0,0,0,1,1,0,1,1,1,1,1,42,1,0,1,0,0,0,2
145,4,7,4,7,3,5,4,5,3,7,3,7,240,1,1,0,1,0,0,0,0,0,0,0,0,1,0,0,1,1,0,1,1,37,1,0,0,0,1,0,1
146,4,5,3,4,4,6,3,7,5,5,7,4,250,1,1,0,1,0,0,0,0,0,0,0,0,1,0,0,1,1,0,0,1,28,0,0,0,0,1,0,1
147,4,4,5,3,2,3,3,4,6,1,2,4,130,1,0,0,0,0,0,0,0,0,0,1,0,1,1,0,1,1,0,1,0,40,1,1,1,0,0,0,2
148,3,3,7,3,3,3,3,4,3,2,3,4,220,0,0,0,0,0,0,0,0,0,0,0,0,1,1,0,1,0,1,1,0,43,1,1,1,0,0,0,2
149,2,4,7,4,3,3,3,4,6,3,3,4,140,0,1,0,0,0,0,0,0,0,0,0,0,1,1,0,1,1,1,1,0,45,1,0,1,0,0,0,2
150,3,7,5,5,4,6,5,5,2,7,5,5,240,1,1,0,1,0,0,0,0,0,0,0,0,1,0,0,1,1,1,1,1,35,1,0,0,0,0,0,1
151,3,5,6,4,3,2,3,3,4,5,4,3,180,0,0,0,0,0,0,0,0,0,0,0,0,1,1,0,0,0,1,1,0,41,1,1,1,0,0,0,2
152,2,4,3,7,2,3,3,5,3,4,3,4,190,0,0,0,1,0,0,0,0,0,0,0,0,1,1,0,1,1,1,1,1,39,1,0,1,0,0,0,3
153,5,6,7,7,3,5,6,5,3,6,4,7,230,1,0,0,1,0,0,0,0,0,0,0,0,1,0,0,1,1,1,0,1,36,1,0,0,0,1,0,1
154,3,4,5,4,4,3,3,2,3,3,3,3,190,1,0,0,0,1,0,0,0,0,0,0,0,1,1,0,1,1,0,1,0,39,1,1,1,0,0,0,2
155,5,5,7,4,5,4,6,1,7,5,5,5,150,0,0,0,0,0,1,0,0,0,0,0,0,1,1,0,0,0,1,0,0,25,0,1,0,1,0,0,1
156,6,6,4,5,3,5,6,5,2,7,5,7,180,1,0,0,1,0,0,0,0,0,0,0,0,1,0,0,1,1,1,1,1,31,1,0,0,0,0,0,1
157,4,6,7,7,2,4,3,4,1,5,3,4,150,0,0,0,0,0,0,0,0,0,0,0,1,1,0,0,0,1,1,1,0,41,1,1,1,0,0,0,3
158,5,7,1,5,2,3,6,6,4,1,1,4,240,1,1,0,1,0,0,0,0,0,0,0,0,0,0,0,0,1,1,1,0,41,0,1,0,0,0,0,3
159,2,3,4,3,3,3,1,4,3,7,5,4,130,0,0,0,0,0,0,0,0,0,0,0,1,1,0,0,0,1,1,1,1,40,1,1,1,0,0,0,2
160,4,6,2,6,2,4,6,7,2,4,3,3,310,1,1,0,1,0,0,0,0,0,0,0,0,0,0,0,0,1,1,1,1,39,0,1,0,0,1,0,3
161,7,6,1,7,1,3,6,6,1,3,1,4,320,0,0,0,1,0,0,0,0,0,0,0,0,0,0,0,0,1,1,1,1,43,1,0,0,0,1,0,3
162,7,7,2,6,2,3,5,4,1,4,1,3,330,0,1,0,0,1,0,0,0,0,0,0,0,1,1,0,1,1,1,1,0,37,1,0,0,0,0,0,3
163,4,6,4,7,3,5,4,5,1,6,4,6,260,1,0,0,1,0,0,0,0,0,0,0,0,1,0,0,1,1,1,1,1,28,1,0,0,0,1,0,1
164,3,7,4,5,3,4,4,5,1,6,4,5,260,1,0,0,1,0,0,0,0,0,0,0,0,1,0,0,0,1,1,0,1,30,1,0,0,0,0,0,3
165,4,6,2,6,2,3,6,4,1,3,1,4,230,0,0,0,0,1,0,0,0,0,0,0,0,0,1,0,0,1,1,1,0,41,1,1,0,0,1,0,3
166,3,5,4,2,3,2,3,3,4,4,3,4,230,1,0,0,0,0,0,0,0,0,1,0,0,1,0,0,0,0,1,1,1,35,1,1,1,0,0,0,2
167,7,7,3,6,2,4,4,4,1,5,3,4,170,1,0,0,0,1,0,0,0,0,0,0,0,0,0,0,0,1,1,1,0,42,0,1,0,0,0,1,3
168,5,7,6,1,4,5,6,5,1,7,5,7,200,1,0,0,1,0,0,0,0,0,0,0,0,1,0,0,0,1,1,0,1,25,1,0,0,0,1,0,1
169,5,5,6,2,4,3,3,2,4,4,4,3,200,1,0,0,0,0,0,0,0,0,1,0,0,1,0,0,0,0,1,1,1,35,1,1,1,0,0,0,2
170,2,3,3,3,3,3,4,4,4,2,2,4,160,0,0,0,0,0,0,0,1,0,0,0,0,1,1,0,1,1,1,1,0,42,1,1,1,0,0,0,2
171,3,4,4,5,3,3,3,4,3,3,2,4,190,0,0,0,0,1,0,0,0,0,0,0,0,1,1,0,1,1,0,1,0,43,1,1,1,0,0,0,2
172,5,6,3,2,3,4,3,4,1,6,4,5,150,1,0,0,0,0,0,0,0,0,0,0,1,1,0,0,0,0,1,1,0,40,1,1,1,0,0,0,1
173,6,7,7,5,5,6,6,5,1,7,5,7,240,1,0,0,1,0,0,0,0,0,0,0,0,1,1,1,1,1,0,1,1,25,1,0,0,0,0,1,1
174,5,5,2,5,2,1,3,1,2,2,1,4,210,1,0,0,0,0,0,0,1,0,0,0,0,1,0,0,0,1,1,1,1,40,1,1,1,0,0,0,2
175,3,6,2,5,2,2,3,4,3,4,2,3,250,0,1,0,0,0,0,0,0,1,0,0,0,1,0,0,1,0,1,1,1,40,1,0,1,0,0,0,3
176,3,3,3,4,3,3,3,5,6,2,3,3,200,1,0,0,0,0,0,0,0,0,0,0,0,1,1,0,0,1,1,1,1,40,1,0,1,0,0,0,2
177,6,6,4,3,3,4,6,5,2,7,5,5,260,1,0,0,1,0,0,0,0,0,0,0,0,1,1,1,1,1,0,1,1,25,1,0,0,0,1,0,1
178,4,7,3,1,2,4,3,3,2,5,4,5,230,0,1,1,0,0,0,0,0,0,0,0,0,1,0,0,0,0,1,1,0,40,1,0,1,0,0,0,2
179,3,2,4,1,3,3,4,3,5,3,3,3,160,1,0,0,0,1,0,0,0,0,0,0,0,1,1,0,1,1,1,1,0,43,1,1,1,0,0,0,2
180,2,5,5,5,4,3,1,1,4,3,4,3,140,0,0,0,0,0,0,0,1,0,0,0,0,1,0,0,0,1,1,1,0,39,1,1,1,0,0,0,2
181,5,3,7,1,4,6,6,5,1,7,5,7,230,1,0,0,1,0,0,0,0,0,0,0,0,1,0,0,0,1,1,0,1,31,1,0,0,0,0,1,1
182,4,6,5,1,4,5,2,4,3,6,6,4,140,1,1,0,1,0,0,0,0,0,0,0,0,1,0,1,1,1,0,1,1,28,0,0,0,1,0,0,1
183,4,1,5,4,4,5,2,4,3,5,6,4,130,0,0,0,1,0,0,0,0,0,0,0,0,0,1,1,1,1,0,0,1,31,0,1,0,0,0,1,1
184,3,1,4,3,3,4,3,4,4,2,3,3,120,1,0,0,0,1,0,0,0,0,0,0,0,1,0,0,0,0,1,1,0,46,1,1,1,0,0,0,2
185,5,1,4,3,4,2,3,2,3,4,4,3,200,0,0,0,0,0,0,0,0,0,1,0,0,1,0,0,1,0,1,1,1,34,1,0,1,0,0,0,2
186,5,6,7,5,3,5,6,5,1,7,5,7,250,1,0,0,1,0,0,0,0,0,0,0,0,1,1,1,1,1,0,1,1,39,1,0,0,0,0,1,1
187,5,5,5,4,4,5,3,4,3,5,5,4,180,0,1,0,1,0,0,0,0,0,0,0,0,1,1,1,1,1,0,1,1,30,0,0,0,0,1,0,1
188,5,6,5,5,4,3,3,2,5,4,3,4,200,1,0,0,0,0,0,0,1,0,0,0,0,1,1,0,1,1,1,1,1,34,1,1,1,0,0,0,2
189,4,1,5,3,4,6,2,7,2,5,6,6,160,0,0,0,1,0,0,0,0,0,0,0,0,1,1,1,1,1,0,1,1,29,0,1,0,0,0,1,1
190,4,2,7,5,6,5,6,2,3,6,5,4,200,0,0,0,0,0,0,0,0,0,0,1,0,1,1,1,0,1,1,0,0,34,0,1,0,1,0,0,1
191,4,6,5,1,4,3,4,3,5,4,5,3,190,0,0,0,0,0,1,0,0,0,0,0,0,1,1,0,1,1,1,1,1,35,1,1,1,0,0,0,2
192,3,6,5,4,4,3,3,3,3,3,3,4,220,1,1,0,1,0,0,0,0,0,0,0,0,1,0,0,1,0,1,1,0,41,1,0,1,0,0,0,2
193,3,4,4,5,3,2,3,3,3,4,3,4,270,1,0,0,1,0,0,0,0,0,0,0,0,1,0,0,1,0,1,1,1,38,1,1,0,1,0,0,2
194,6,2,7,6,5,4,6,2,5,5,5,4,150,0,0,0,0,0,1,0,0,0,0,0,0,1,1,1,1,0,1,1,0,25,0,1,0,1,0,0,1
195,3,4,6,4,4,3,3,2,3,7,6,4,200,0,0,0,0,0,0,0,0,0,1,0,0,1,1,0,1,1,1,1,1,35,1,1,0,1,0,0,1
196,4,1,6,2,4,6,2,5,2,5,7,6,190,0,0,0,1,0,0,0,0,0,0,0,0,1,0,1,1,1,0,1,1,25,1,1,0,0,1,0,1
197,4,7,7,5,4,6,6,5,4,7,5,6,240,1,0,0,1,0,0,0,0,0,0,0,0,1,0,0,0,1,1,0,1,28,1,0,0,0,0,1,1
198,4,2,2,1,3,1,3,1,2,2,3,4,180,1,1,0,0,1,0,0,0,0,0,0,0,1,1,0,1,1,1,1,0,44,1,1,0,1,0,0,2
199,2,4,5,4,5,4,1,4,3,4,2,4,120,0,0,0,0,0,0,1,0,0,0,0,0,1,0,0,0,0,1,1,1,39,1,1,0,1,0,0,2
200,3,5,5,4,1,2,3,2,3,5,5,4,180,1,0,0,0,0,0,0,0,0,1,0,0,1,0,0,0,0,1,1,0,34,1,1,0,1,0,0,2
201,5,6,4,6,1,4,6,4,2,3,3,3,340,0,0,0,0,1,0,0,0,0,0,0,0,1,1,0,1,1,1,1,0,39,1,1,0,0,0,1,3
202,5,7,4,6,2,4,6,4,4,3,2,3,320,1,0,0,0,1,0,0,0,0,0,0,0,1,0,0,1,1,1,1,1,36,0,1,0,0,0,1,3
203,6,4,5,2,6,2,6,2,5,5,5,5,160,0,0,0,0,0,0,1,0,0,0,0,0,1,1,1,1,1,0,1,0,25,1,1,0,1,0,0,1
204,4,5,4,5,3,4,3,3,1,3,3,5,180,1,1,0,0,0,0,0,0,0,0,0,1,1,0,0,0,0,1,1,0,45,1,0,0,1,0,0,2
205,6,6,3,6,3,4,6,5,1,4,3,3,370,0,1,0,0,1,0,0,0,0,0,0,0,0,0,0,0,1,1,1,1,43,0,1,0,0,0,0,3
206,3,3,4,3,3,3,3,3,6,3,3,4,190,0,1,0,0,0,1,0,0,0,0,0,0,1,0,0,0,0,1,1,1,39,1,0,0,1,0,0,2
207,2,3,4,3,4,4,1,3,6,3,2,4,170,1,1,0,0,1,0,0,0,0,0,0,0,1,1,0,0,1,1,1,0,42,0,0,0,1,0,0,2
208,5,7,6,7,5,6,6,4,6,6,5,7,250,1,0,0,1,0,0,0,0,0,0,0,0,1,1,1,0,1,0,1,1,32,1,0,0,0,1,0,1
209,3,7,5,4,5,3,4,4,3,5,3,3,180,1,1,0,0,0,0,0,0,0,0,0,0,1,0,0,0,1,1,1,0,40,1,1,0,1,0,0,2
210,4,7,4,5,5,4,4,4,4,6,5,4,150,0,0,0,1,0,0,0,0,0,0,0,0,1,0,1,1,1,0,0,1,25,1,1,0,1,0,0,1
211,5,6,7,7,4,5,6,3,6,6,5,5,170,0,1,0,1,0,0,0,0,0,0,0,0,1,1,1,0,1,1,0,0,32,1,0,0,1,0,0,1
212,4,4,5,3,2,6,4,6,4,5,6,6,210,0,1,0,1,0,0,0,0,0,0,0,0,1,0,0,1,0,0,0,1,25,1,0,0,1,0,0,1
213,3,3,3,3,2,2,3,3,2,2,2,3,150,0,0,0,0,1,0,0,0,0,0,0,0,1,1,0,0,0,1,1,0,43,1,1,0,1,0,0,2
214,4,5,5,5,4,5,2,4,3,5,6,4,250,1,0,0,1,0,0,0,0,0,0,0,0,1,0,1,1,0,0,0,1,30,0,1,0,0,1,0,1
215,6,6,7,7,5,5,6,4,4,4,5,5,220,1,0,0,0,0,1,0,0,0,0,0,0,1,1,1,0,1,1,0,0,32,1,1,0,0,1,0,1
216,5,5,7,5,5,4,6,3,3,5,5,5,200,0,0,0,0,0,1,0,0,0,0,0,0,1,1,1,0,1,0,0,0,29,1,1,0,1,0,0,1
217,5,7,3,7,3,4,6,5,3,2,3,3,380,0,0,0,0,1,0,0,0,0,0,0,0,0,0,0,0,1,1,1,0,37,0,1,0,0,0,0,3
218,4,5,4,4,5,6,2,3,3,5,7,4,160,0,0,0,1,0,0,0,0,0,0,0,0,0,1,1,1,0,0,1,1,25,1,1,0,1,0,0,1
219,6,5,7,4,6,4,6,1,5,6,4,4,200,0,0,0,0,0,1,0,0,0,0,0,0,1,1,1,0,1,0,0,0,28,1,1,0,1,0,0,1
220,5,6,7,6,4,4,6,4,1,7,4,5,240,1,0,0,1,0,0,0,0,0,0,0,0,1,0,1,0,1,1,1,1,34,1,0,0,0,0,1,1
221,4,6,2,7,2,4,6,7,1,4,2,3,220,0,1,0,0,1,0,0,0,0,0,0,0,1,1,0,0,1,1,1,1,38,0,0,0,0,1,0,3
222,1,2,3,1,3,3,2,3,4,2,3,3,180,0,0,0,0,0,1,0,0,0,0,0,0,0,1,0,0,1,1,1,0,38,1,0,0,1,0,0,2
223,3,2,6,1,4,4,2,3,4,2,4,3,150,1,0,0,0,0,0,1,0,0,0,0,0,1,1,0,0,1,1,1,1,35,0,1,0,1,0,0,2
224,4,7,4,4,3,4,6,4,1,7,5,5,270,1,1,0,1,0,0,0,0,0,0,0,0,1,0,0,0,1,1,0,1,34,1,0,0,0,1,0,1
225,5,4,3,3,3,1,3,1,3,3,3,4,200,0,0,0,0,0,0,0,0,0,0,0,0,1,0,0,0,0,1,1,0,40,1,1,0,1,0,0,2
226,5,7,3,7,2,4,6,6,1,5,3,5,330,1,0,0,0,1,0,0,0,0,0,0,0,1,0,0,0,1,1,1,1,39,1,0,0,0,0,1,3
227,4,5,2,7,2,3,3,4,3,2,2,3,190,0,0,0,0,0,0,1,0,0,0,0,0,1,0,0,0,0,1,1,0,38,0,1,0,0,1,0,3
228,3,7,3,6,3,1,3,1,2,3,2,4,160,1,0,0,0,0,0,0,1,0,0,0,0,0,0,0,0,0,1,1,0,36,1,1,0,1,0,0,2
229,4,6,7,6,3,5,5,4,7,6,5,7,270,1,0,0,1,0,0,0,0,0,0,0,0,1,0,0,0,1,1,0,1,32,1,0,0,0,0,0,1
230,4,2,4,3,5,7,2,7,4,5,7,4,200,1,0,0,1,0,0,0,0,0,0,0,0,1,1,1,1,1,0,0,1,29,0,1,0,0,0,1,1
231,7,7,2,4,2,3,3,4,2,4,3,3,230,0,1,0,0,1,0,0,0,0,0,0,0,1,1,0,0,1,1,1,1,45,1,1,0,0,1,0,3
232,3,4,7,7,3,3,3,4,1,6,4,5,140,1,0,1,0,0,0,0,0,0,0,0,0,1,1,0,0,1,1,1,0,41,1,1,0,0,0,0,1
233,7,7,1,4,1,4,6,6,4,2,2,4,340,1,1,0,0,1,0,0,0,0,0,0,0,0,0,0,0,0,1,1,1,39,1,0,0,0,1,0,3
234,3,5,6,5,4,3,3,4,4,5,4,5,180,0,0,0,0,0,0,0,0,0,0,0,1,0,0,0,0,0,1,1,1,39,0,1,0,0,1,0,1
235,2,3,3,7,3,3,3,5,3,4,4,4,130,1,0,0,0,0,0,0,0,0,0,1,0,1,1,0,0,1,1,1,0,39,0,1,0,0,1,0,2
236,3,3,3,3,3,1,3,2,4,3,3,4,200,1,0,0,0,0,0,0,0,0,0,1,0,0,0,0,0,0,1,1,1,40,1,1,0,0,0,0,2
237,4,7,7,5,3,5,5,6,7,6,5,7,220,1,0,0,1,0,0,0,0,0,0,0,0,1,0,1,0,1,1,1,1,30,1,0,0,0,0,0,1
238,5,6,3,6,2,4,6,4,1,6,4,5,320,1,1,0,0,1,0,0,0,0,0,0,0,1,1,0,0,0,1,1,0,42,1,0,0,0,1,0,3
239,4,1,4,4,5,7,3,5,2,5,7,4,140,0,0,0,1,0,0,0,0,0,0,0,0,1,1,1,1,0,0,0,1,31,1,1,0,1,0,0,1
240,4,5,3,6,2,4,3,4,3,5,4,5,230,1,0,0,0,0,0,0,0,0,0,0,0,1,1,0,0,1,1,1,1,41,1,1,0,0,0,0,3
241,4,5,6,5,4,6,3,4,2,5,5,4,190,1,0,0,1,0,0,0,0,0,0,0,0,1,1,1,1,1,0,1,1,27,1,1,0,1,0,0,1
242,5,7,6,4,4,5,6,6,1,7,5,7,190,1,0,0,1,0,0,0,0,0,0,0,0,1,0,1,0,1,1,1,1,31,1,0,0,0,0,0,1
243,2,3,3,7,3,3,4,5,3,2,2,4,180,1,0,0,0,0,0,1,0,0,0,0,0,1,1,0,0,1,1,1,1,38,0,1,0,0,0,1,3
244,5,1,6,4,4,4,3,5,6,4,5,4,170,1,0,0,0,0,1,0,0,0,0,0,0,1,1,0,0,1,1,1,1,32,0,1,0,0,0,1,2
245,5,7,2,7,2,3,6,5,2,3,2,3,340,1,0,0,0,1,0,0,0,0,0,0,0,0,0,0,0,0,1,1,0,43,1,1,0,0,0,0,3
246,6,7,3,6,3,4,6,5,2,3,3,3,330,0,0,0,0,1,0,0,0,0,0,0,0,1,1,0,0,1,0,1,0,39,1,1,0,0,0,0,3
247,5,6,6,4,4,6,6,6,4,7,5,6,290,1,0,0,1,0,0,0,0,0,0,0,0,1,0,1,0,1,1,0,1,33,1,1,0,0,0,1,1
248,4,6,5,4,3,4,4,6,1,7,5,5,240,1,0,0,1,0,0,0,0,0,0,0,0,1,0,0,0,1,1,0,1,26,1,1,0,0,0,0,1
249,3,5,3,6,3,2,3,4,3,5,3,3,210,0,1,0,0,0,0,0,0,0,0,0,1,0,0,0,0,0,1,1,0,39,0,1,0,0,1,0,3
250,3,5,3,5,3,2,3,3,4,3,3,4,150,1,0,0,0,1,0,0,0,0,0,0,0,1,1,0,0,1,1,1,0,46,1,1,1,0,0,0,2
251,2,2,5,2,3,2,4,2,6,2,2,3,180,0,0,0,0,0,1,0,0,0,0,0,0,1,1,0,0,1,1,1,1,32,0,1,0,0,1,0,2
252,7,7,4,7,2,4,6,5,2,2,1,3,310,0,0,0,0,1,0,0,0,0,0,0,0,0,0,0,0,0,1,1,1,40,0,1,0,0,0,1,3
253,3,4,7,4,3,3,3,5,6,2,2,3,160,0,0,0,0,1,0,0,0,0,0,0,0,1,1,0,0,1,1,1,1,40,1,1,0,0,1,0,2
254,3,3,2,4,3,3,3,4,3,2,2,3,220,1,0,0,0,0,0,0,0,0,0,1,0,1,1,0,0,1,1,1,0,39,0,1,0,0,1,0,2
255,3,5,4,7,5,7,4,7,2,5,7,4,170,1,0,0,1,0,0,0,0,0,0,0,0,1,0,1,1,0,0,0,1,26,1,1,0,0,1,0,1
256,4,4,3,4,3,6,4,5,3,5,6,4,230,0,0,0,1,0,0,0,0,0,0,0,0,1,0,0,1,0,0,1,1,26,1,1,0,1,0,0,1
257,1,5,1,7,3,5,6,6,3,6,3,3,230,0,1,0,0,1,0,0,0,0,0,0,0,1,1,0,0,1,0,1,1,42,1,0,0,0,0,1,3
258,2,3,1,4,3,5,3,6,1,6,5,4,200,0,0,0,0,1,0,0,0,0,0,0,0,1,0,0,0,1,1,1,0,39,0,1,0,0,0,1,3
259,4,7,1,7,2,4,3,5,4,5,3,4,190,0,0,0,0,0,0,0,1,0,0,0,0,1,0,0,0,1,1,1,1,39,0,1,0,0,1,0,3
260,3,5,2,5,2,4,4,5,2,5,4,3,220,0,1,0,0,1,0,0,0,0,0,0,0,0,1,0,0,1,1,1,1,40,0,0,0,0,1,0,3
261,2,4,4,5,2,4,3,3,3,3,2,4,230,0,0,0,0,0,0,0,0,0,0,1,0,1,0,0,0,0,1,1,1,36,0,1,0,0,1,0,2
262,2,5,4,6,2,4,3,6,1,3,2,4,210,0,1,0,0,1,0,0,0,0,0,0,0,1,1,0,0,1,1,1,0,45,1,1,0,0,1,0,3
263,3,5,4,6,4,6,3,6,4,5,7,4,250,1,0,0,1,0,0,0,0,0,0,0,0,1,0,1,1,1,0,0,1,29,1,0,0,0,1,0,1
264,4,4,7,3,4,3,3,1,5,4,4,3,120,0,0,0,0,0,1,0,0,0,0,0,0,1,0,0,0,0,1,1,0,37,1,1,0,0,1,0,2
265,4,4,4,2,3,2,4,2,4,3,3,4,170,0,0,0,0,0,0,0,0,0,0,1,0,1,1,0,0,1,1,1,0,38,0,1,0,0,1,0,2
266,3,5,1,5,3,4,4,4,6,5,4,5,230,1,1,0,0,0,0,0,0,0,0,0,1,1,0,0,0,1,1,1,0,40,0,1,0,0,1,0,2
267,6,6,6,4,3,5,6,6,4,6,5,7,250,1,0,0,1,0,0,0,0,0,0,0,0,1,0,0,0,1,1,0,1,30,1,1,0,0,0,0,1
268,3,3,6,2,4,4,3,3,3,2,4,3,120,1,0,0,0,0,0,1,0,0,0,0,0,1,1,0,0,1,1,1,0,38,0,1,0,0,0,1,2
269,4,6,4,5,3,4,5,6,1,7,5,5,210,1,1,0,1,0,0,0,0,0,0,0,0,1,0,0,0,1,1,0,1,34,1,0,0,0,1,0,1
270,6,5,5,5,3,6,4,6,1,7,4,6,220,1,0,0,1,0,0,0,0,0,0,0,0,1,0,1,0,1,1,1,1,33,1,1,0,0,0,0,1
271,4,6,5,5,4,3,4,3,3,4,3,6,150,1,1,0,0,0,0,0,0,0,0,0,1,1,0,0,0,0,1,1,1,40,0,1,0,1,0,0,2
272,3,5,6,4,4,5,4,4,2,6,5,4,130,1,0,0,0,1,0,0,0,0,0,0,0,0,1,1,1,0,0,1,1,26,0,1,0,0,0,0,1
273,1,4,4,5,3,3,2,3,3,2,2,4,120,0,0,0,0,0,0,1,0,0,0,0,0,1,1,0,0,0,1,1,0,42,1,1,1,0,0,0,2
274,3,4,6,4,4,4,1,2,2,4,4,4,110,0,0,0,0,0,0,1,0,0,0,0,0,1,0,0,0,0,1,1,0,35,1,1,0,1,0,0,2
275,4,5,5,5,4,3,4,3,4,3,3,3,130,0,0,0,0,1,0,0,0,0,0,0,0,1,0,0,0,0,1,1,1,40,1,1,0,1,0,0,2
276,4,5,4,4,3,4,3,2,1,3,4,4,210,1,0,0,0,0,0,0,0,0,1,0,0,1,0,0,0,0,1,1,1,39,1,1,0,0,1,0,2
277,3,4,4,4,3,5,6,6,1,7,5,6,180,1,0,0,1,0,0,0,0,0,0,0,0,1,0,0,0,1,1,0,1,34,1,0,0,0,0,0,1
278,4,3,5,1,4,3,3,3,5,3,5,3,190,1,0,0,0,0,0,0,0,0,1,0,0,1,0,0,0,0,1,1,1,35,1,1,0,0,1,0,2
279,4,4,7,5,4,6,3,4,2,6,5,6,200,1,0,0,0,1,0,0,0,0,0,0,0,1,1,1,1,0,0,1,1,25,1,1,0,0,0,0,1
280,3,7,4,3,4,3,3,3,5,3,3,3,200,1,0,0,0,1,0,0,0,0,0,0,0,1,1,0,0,0,1,1,1,41,0,1,0,0,0,1,2
281,5,6,6,5,4,6,4,6,5,6,5,7,200,1,0,0,1,0,0,0,0,0,0,0,0,1,0,1,0,1,1,1,1,34,1,1,0,0,0,1,1
282,5,5,5,4,3,4,4,6,2,7,5,6,210,1,0,0,1,0,0,0,0,0,0,0,0,1,0,1,0,1,1,1,1,25,1,1,0,0,0,1,1
283,2,5,2,4,2,4,4,5,1,4,3,4,310,1,1,0,0,1,0,0,0,0,0,0,0,0,1,0,0,1,1,1,1,39,0,0,0,0,0,0,3
284,3,3,1,3,1,2,3,3,1,1,1,3,120,0,1,0,0,0,0,0,1,0,0,0,0,1,1,0,0,1,1,1,0,44,1,1,0,1,0,0,2
285,3,5,5,5,4,3,3,2,3,3,3,4,220,1,1,0,0,1,0,0,0,0,0,0,0,0,0,0,0,0,1,1,0,39,0,1,0,0,1,0,2
286,6,4,4,4,3,4,3,4,3,5,5,5,140,1,0,0,0,0,0,0,1,0,0,0,0,1,0,0,0,1,1,1,0,40,1,1,0,1,0,0,1
287,4,3,6,4,5,3,3,2,3,4,4,4,120,1,0,0,0,0,0,0,0,1,0,0,0,1,1,0,0,1,1,1,0,40,0,1,0,0,1,0,2
288,2,7,3,7,2,5,6,7,2,6,3,4,320,0,0,0,0,1,0,0,0,0,0,0,0,1,0,0,0,1,1,1,1,36,1,0,0,0,0,0,3
289,7,1,4,4,3,2,3,3,4,7,6,4,200,1,0,0,1,0,0,0,0,0,0,0,0,1,0,0,0,0,1,1,0,39,0,1,0,0,0,1,2
290,2,5,4,4,3,3,3,2,3,2,2,4,170,1,1,0,1,0,0,0,0,0,0,0,0,1,1,0,0,1,1,1,1,46,0,1,0,0,1,0,2
291,6,4,7,5,6,5,6,2,5,3,4,5,120,0,0,0,0,0,1,0,0,0,0,0,0,1,1,1,0,1,0,0,0,25,1,1,0,1,0,0,1
292,5,6,7,5,5,5,6,4,4,4,5,5,250,1,0,0,0,0,0,1,0,0,0,0,0,1,1,1,0,1,0,1,0,31,1,1,1,0,0,0,1
293,5,3,6,5,4,5,3,4,3,5,6,4,170,1,0,0,0,1,0,0,0,0,0,0,0,1,0,1,1,0,0,1,1,27,1,1,0,1,0,0,1
294,2,7,4,6,3,5,5,4,3,3,4,4,170,0,0,0,0,1,0,0,0,0,0,0,0,0,0,0,0,1,1,1,0,36,0,0,0,0,1,0,3
295,4,6,5,2,4,3,3,3,5,4,5,3,140,0,0,0,0,0,0,1,0,0,0,0,0,0,0,0,0,0,1,1,1,32,1,1,0,1,0,0,2
296,4,6,4,4,3,4,6,6,1,6,4,5,210,0,0,0,1,0,0,0,0,0,0,0,0,1,1,1,0,1,0,1,1,35,1,1,0,0,1,0,1
297,6,4,3,4,3,2,3,3,3,4,4,3,220,1,0,0,0,0,1,0,0,0,0,0,0,0,1,0,0,1,1,1,0,32,0,1,0,0,1,0,2
298,7,7,6,7,2,4,5,6,3,1,1,3,210,0,0,0,0,1,0,0,0,0,0,0,0,0,0,0,0,1,1,1,0,40,1,0,0,0,0,0,3
299,4,4,5,3,4,3,4,1,4,4,4,3,200,1,0,0,0,0,0,0,0,0,0,1,0,0,0,0,0,0,1,1,1,39,0,1,0,0,1,0,2
300,4,4,1,4,5,4,2,3,4,4,5,4,150,0,0,0,0,0,0,1,0,0,0,0,0,1,0,0,0,0,1,1,1,37,1,1,0,0,1,0,2
301,5,7,3,5,3,5,7,6,1,6,4,6,250,1,1,0,1,0,0,0,0,0,0,0,0,1,1,1,0,1,1,1,1,39,1,0,0,0,0,0,1
302,3,5,5,4,4,6,4,6,2,7,5,7,210,1,0,0,1,0,0,0,0,0,0,0,0,1,0,0,0,1,1,1,1,41,1,0,0,0,0,0,1
303,6,6,4,5,4,2,4,1,2,5,4,3,230,0,0,0,0,0,1,0,0,0,0,0,0,1,0,0,0,0,1,1,0,37,1,1,0,0,1,0,2
304,3,2,1,1,5,4,3,2,4,2,4,3,170,0,0,0,0,1,0,0,0,0,0,0,0,1,1,0,0,1,1,1,1,42,1,1,0,0,1,0,2
305,7,5,6,4,4,2,1,2,3,4,4,4,220,1,0,0,0,0,0,0,0,0,1,0,0,0,0,0,0,0,1,1,0,33,0,1,0,0,1,0,2
306,4,5,5,5,2,3,3,6,2,4,2,4,180,1,0,0,0,0,0,1,0,0,0,0,0,0,0,0,0,0,1,1,0,37,1,1,0,0,0,1,3
307,6,5,6,4,4,6,5,6,1,7,5,6,210,0,1,0,1,0,0,0,0,0,0,0,0,1,1,1,0,1,1,1,0,37,1,0,0,0,1,0,1
308,3,5,1,4,2,5,3,6,1,5,3,3,220,1,1,0,0,1,0,0,0,0,0,0,0,1,1,0,0,1,1,1,1,45,0,0,0,0,0,1,3
309,5,6,4,4,3,5,6,6,2,7,5,7,310,1,0,0,1,0,0,0,0,0,0,0,0,1,1,1,0,1,0,1,1,39,1,0,0,0,0,1,1
310,5,4,2,3,3,2,3,2,2,4,3,3,150,0,0,0,0,0,0,0,0,0,0,1,0,0,0,0,0,0,1,1,0,42,0,1,0,0,1,0,2
311,3,4,2,5,3,3,3,5,5,2,1,4,190,1,1,0,0,0,0,0,0,0,0,0,1,0,0,0,0,0,1,1,1,47,1,1,0,0,0,1,2
312,5,5,5,5,5,4,6,4,4,4,4,4,260,1,1,0,1,0,0,0,0,0,0,0,0,1,1,1,0,1,0,0,0,33,1,0,0,0,1,0,1
313,7,4,7,2,4,2,3,2,4,4,3,4,210,0,0,0,0,0,0,0,0,0,1,0,0,0,0,0,0,0,1,1,1,33,1,1,0,0,1,0,2
314,4,5,6,4,3,4,2,4,2,6,5,4,230,1,0,0,0,1,0,0,0,0,0,0,0,1,0,1,1,0,0,0,1,25,1,1,0,0,0,0,1
315,7,7,2,7,2,4,6,6,3,5,3,3,310,1,0,0,0,1,0,0,0,0,0,0,0,1,0,0,0,1,1,1,0,37,1,0,0,0,1,0,3
316,2,3,1,6,2,3,5,4,1,4,3,3,320,1,0,0,0,1,0,0,0,0,0,0,0,1,0,0,0,1,1,1,1,37,1,0,0,0,0,1,3
317,5,4,6,4,5,4,6,4,5,5,5,5,200,1,0,0,0,0,0,0,0,1,0,0,0,1,1,1,0,1,0,1,0,31,1,0,0,1,0,0,1
318,7,6,3,6,3,1,3,3,4,3,2,4,180,0,0,0,0,0,0,0,0,0,1,0,0,0,0,0,0,0,1,1,1,34,1,1,0,0,1,0,2
319,6,6,7,6,5,3,6,2,5,5,5,4,280,1,0,0,0,0,1,0,0,0,0,0,0,1,1,1,0,0,0,0,0,25,1,1,0,1,0,0,1
320,2,4,4,7,4,3,4,3,2,3,2,3,200,0,1,1,0,0,0,0,0,0,0,0,0,1,1,0,0,1,1,1,0,45,1,1,0,1,0,0,2
321,4,3,4,5,4,4,3,5,5,3,3,3,150,0,0,0,0,0,0,1,0,0,0,0,0,1,1,0,0,0,1,1,1,42,0,1,0,0,1,0,2
322,5,7,4,4,3,4,6,4,1,4,4,3,220,1,0,0,0,1,0,0,0,0,0,0,0,1,1,0,0,1,1,1,0,38,1,0,0,0,0,0,3
323,3,4,4,3,4,6,5,5,5,6,6,4,180,1,0,0,0,1,0,0,0,0,0,0,0,1,0,1,1,0,0,1,1,27,0,0,0,0,0,0,1
324,4,3,5,3,4,4,3,5,5,3,4,4,120,1,0,0,0,0,0,1,0,0,0,0,0,1,0,0,0,0,1,1,1,37,0,1,0,0,1,0,2
325,7,5,2,5,2,4,6,6,2,2,2,3,250,1,1,0,0,1,0,0,0,0,0,0,0,1,1,0,0,1,1,1,1,44,0,0,0,0,0,0,3
326,6,5,7,5,6,5,6,3,7,6,4,5,250,0,0,0,0,0,1,0,0,0,0,0,0,1,1,1,0,0,0,0,0,25,1,1,0,1,0,0,1
327,4,5,4,5,3,5,4,6,2,6,5,6,250,0,0,0,1,0,0,0,0,0,0,0,0,1,0,0,0,0,1,1,0,32,1,0,0,0,1,0,1
328,2,1,6,1,4,3,1,1,6,1,2,4,130,1,0,0,0,0,0,1,0,0,0,0,0,0,0,0,0,0,1,1,1,39,1,1,0,0,0,1,2
329,3,6,4,4,4,6,4,4,5,5,6,4,190,0,0,0,0,1,0,0,0,0,0,0,0,1,1,1,1,1,0,0,1,30,1,1,0,0,0,1,1
330,3,6,6,4,4,3,3,4,2,5,4,5,220,1,1,1,0,0,0,0,0,0,0,0,0,1,1,0,1,1,1,1,0,47,0,1,0,0,0,1,1
331,3,5,5,4,3,3,3,4,5,7,3,6,130,0,0,0,0,0,0,0,0,0,0,0,0,0,0,0,0,0,1,1,1,40,0,1,0,0,1,0,1
332,6,5,4,7,3,4,6,4,3,3,4,3,240,1,1,0,0,1,0,0,0,0,0,0,0,1,1,0,1,1,1,1,1,38,0,0,0,0,1,0,3
333,7,4,5,4,4,3,3,3,3,6,3,4,270,1,0,0,0,0,0,0,0,0,1,0,0,1,0,0,1,0,1,1,1,32,0,1,0,0,0,1,2
334,3,6,3,6,2,5,5,5,4,5,3,5,180,1,1,0,0,1,0,0,0,0,0,0,0,1,0,0,1,0,1,1,1,35,0,0,0,0,1,0,3
335,7,5,5,5,4,2,3,1,6,4,4,4,130,0,0,0,0,0,0,0,0,0,1,0,0,1,1,0,1,1,1,1,0,33,0,1,0,1,0,0,2
336,4,5,3,4,2,4,5,5,3,5,4,3,200,0,1,0,0,1,0,0,0,0,0,0,0,1,1,0,1,1,1,1,0,45,0,0,0,0,0,0,3
337,6,5,4,5,3,6,4,6,1,6,4,5,250,0,0,0,1,0,0,0,0,0,0,0,0,1,1,1,1,1,1,1,0,36,1,0,0,0,0,0,1
338,4,6,5,5,3,5,5,6,1,6,5,7,240,0,0,0,1,0,0,0,0,0,0,0,0,1,1,1,1,1,0,1,0,30,1,0,0,0,0,0,1
339,4,6,5,5,4,6,6,6,3,7,5,6,250,0,0,0,1,0,0,0,0,0,0,0,0,1,0,0,0,0,1,1,1,28,1,0,0,0,1,0,1
340,4,4,4,4,3,6,4,6,3,5,6,6,250,1,0,0,0,1,0,0,0,0,0,0,0,1,0,1,1,1,0,0,1,30,1,1,0,0,1,0,1
341,5,2,4,2,3,5,2,5,3,5,6,4,180,1,0,0,0,1,0,0,0,0,0,0,0,1,0,1,1,0,0,0,1,25,1,1,0,0,0,0,1
342,5,3,3,1,3,2,3,1,3,3,4,4,230,1,1,0,0,0,0,0,0,0,0,0,0,1,1,0,1,1,1,1,1,41,1,1,0,0,1,0,2
343,5,5,5,3,4,5,5,6,1,7,5,6,280,1,0,0,1,0,0,0,0,0,0,0,0,1,0,1,1,0,1,1,1,25,1,0,0,0,1,0,1
344,6,3,4,4,3,2,3,3,4,5,4,4,120,0,0,0,0,0,0,0,0,0,0,1,0,1,1,0,1,1,1,1,0,40,0,1,0,0,1,0,2
345,4,7,5,1,4,2,3,1,6,3,4,4,200,1,0,0,0,0,1,0,0,0,0,0,0,1,1,0,1,1,1,1,1,33,0,1,0,0,1,0,2
346,4,6,3,4,3,2,3,2,2,3,2,4,190,0,0,0,0,1,0,0,0,0,0,0,0,1,0,0,1,1,1,1,0,39,1,1,0,0,0,1,2
347,3,3,3,6,2,4,4,4,1,5,3,4,230,1,1,0,0,1,0,0,0,0,0,0,0,1,1,0,1,1,1,1,1,35,0,0,0,0,1,0,3
348,5,3,3,7,2,5,6,7,1,5,2,5,230,0,1,0,0,1,0,0,0,0,0,0,0,0,0,0,0,0,1,1,0,41,1,0,0,0,1,0,3
349,7,6,7,6,5,4,6,3,6,6,5,4,200,1,0,0,0,0,1,0,0,0,0,0,0,1,1,1,1,1,0,1,0,25,1,1,0,0,1,0,1
350,5,6,6,5,4,4,6,3,4,4,4,5,190,1,0,0,0,0,1,0,0,0,0,0,0,1,0,1,1,0,0,1,1,27,1,1,0,1,0,0,1
351,5,1,6,2,5,3,6,3,6,5,5,5,180,0,0,0,0,0,1,0,0,0,0,0,0,1,0,1,1,0,0,1,0,25,1,1,0,1,0,0,1
352,7,2,4,6,4,2,3,2,2,4,3,4,220,1,0,0,0,0,0,0,0,0,0,0,1,0,0,0,1,1,1,1,1,39,0,1,0,0,1,0,2
353,4,7,4,2,3,2,3,1,2,3,4,4,220,0,0,0,0,0,0,0,0,0,0,0,0,1,0,0,1,1,1,1,1,40,1,1,0,1,0,0,2
354,5,5,4,3,3,2,3,2,2,4,4,3,260,1,0,0,0,0,0,0,0,0,1,0,0,1,1,0,1,1,1,1,1,34,0,1,0,0,0,1,2
355,5,7,6,4,5,4,6,4,5,4,5,4,170,0,0,0,0,1,0,0,0,0,0,0,0,0,0,1,1,0,0,0,0,32,1,1,0,1,0,0,1
356,3,3,3,5,2,4,3,4,1,5,3,4,360,0,1,0,0,1,0,0,0,0,0,0,0,1,1,0,1,1,1,1,0,37,0,0,0,0,1,0,3
357,2,7,2,6,2,3,3,4,1,4,2,4,240,1,1,0,0,1,0,0,0,0,0,0,0,1,1,0,1,1,1,1,0,40,1,0,0,0,0,1,3
358,4,5,4,5,3,5,5,6,1,7,4,7,220,1,0,0,1,0,0,0,0,0,0,0,0,1,1,1,1,1,1,1,1,39,1,0,0,0,0,0,1
359,2,2,2,4,3,3,3,4,4,1,1,4,210,1,0,0,0,0,0,0,1,0,0,0,0,1,0,0,1,1,1,1,1,39,0,1,0,0,1,0,2
360,6,1,7,5,5,4,6,1,4,6,5,4,240,0,0,0,0,0,1,0,0,0,0,0,0,0,0,1,1,0,0,0,0,25,1,1,0,0,1,0,1
361,4,5,1,5,2,3,6,5,2,1,1,4,320,0,1,0,0,1,0,0,0,0,0,0,0,0,0,0,1,0,1,1,1,35,1,0,0,0,0,1,3
362,3,5,3,4,2,4,3,5,1,5,3,4,220,1,1,0,0,1,0,0,0,0,0,0,0,0,1,0,1,0,1,1,1,42,1,0,0,0,0,1,3
363,6,7,4,5,3,4,6,4,2,4,4,3,250,1,1,0,0,1,0,0,0,0,0,0,0,0,0,0,1,0,1,1,1,40,1,0,0,0,1,0,3
364,3,5,6,4,5,4,3,1,2,4,4,4,210,0,0,0,0,0,0,0,1,0,0,0,0,1,1,0,1,1,1,1,0,38,0,1,0,0,0,1,2
365,5,5,4,5,3,5,6,4,2,6,5,7,230,1,0,0,1,0,0,0,0,0,0,0,0,1,0,1,1,0,1,1,1,34,1,0,0,0,0,0,1
366,4,5,6,6,5,7,2,6,6,5,7,4,160,1,0,0,0,1,0,0,0,0,0,0,0,1,1,1,1,1,0,0,1,26,1,1,0,1,0,0,1
367,4,6,2,5,2,4,3,3,6,5,3,5,160,1,0,0,1,0,0,0,0,0,0,0,0,0,0,0,1,1,1,0,0,42,1,1,0,0,1,0,2
368,3,5,5,5,3,3,3,3,5,7,4,5,160,1,0,0,0,0,0,0,0,1,0,0,0,1,1,0,1,1,1,1,0,46,1,1,0,0,1,0,1
369,5,6,2,6,3,2,3,1,3,3,2,4,280,0,0,0,0,0,0,0,0,1,0,0,0,1,1,0,1,1,1,1,0,41,0,1,0,0,0,1,2
370,4,5,6,5,3,3,3,4,6,4,4,6,200,1,0,0,1,0,0,0,0,0,0,0,0,0,0,0,1,1,1,0,0,39,1,1,0,1,0,0,1
371,5,6,6,5,4,5,6,4,1,7,5,7,270,1,0,0,0,1,0,0,0,0,0,0,0,1,0,0,1,0,1,1,1,30,1,0,0,0,1,0,1
372,5,3,2,2,3,2,3,3,5,4,4,3,200,0,0,1,0,0,0,0,0,0,0,0,0,1,1,1,1,1,1,1,1,40,1,1,0,1,0,0,2
373,2,1,1,1,4,3,1,1,2,3,4,4,160,0,0,0,0,0,0,1,0,0,0,0,0,0,0,0,1,1,1,0,1,34,0,1,0,0,0,1,2
374,4,3,7,3,4,3,3,3,5,3,4,3,140,1,0,0,0,0,1,0,0,0,0,0,0,0,0,0,1,1,1,0,0,39,0,1,0,0,1,0,2
375,4,4,1,3,4,3,3,2,1,3,3,3,150,1,0,0,0,0,0,0,0,0,0,0,0,0,0,0,1,1,1,0,0,42,1,1,0,1,0,0,2
376,7,5,5,4,3,2,3,4,3,5,4,3,200,0,0,0,0,0,0,0,0,0,0,1,0,0,1,0,1,1,1,1,0,33,0,1,0,0,1,0,2
377,4,3,5,2,3,6,2,7,3,6,6,6,160,1,0,0,0,1,0,0,0,0,0,0,0,1,0,1,1,1,0,1,1,28,0,1,0,0,0,1,1
378,4,5,1,6,4,4,3,3,3,4,3,3,180,1,0,0,0,0,0,0,1,0,0,0,0,0,0,0,1,1,1,0,0,42,1,1,0,1,0,0,2
379,5,4,4,4,3,5,2,4,3,5,6,4,240,1,0,0,0,0,1,0,0,0,0,0,0,1,0,1,1,0,0,0,1,24,1,1,0,0,1,0,1
380,7,5,6,5,5,4,6,4,4,7,5,7,240,1,0,0,0,1,0,0,0,0,0,0,0,1,1,1,1,1,0,1,0,25,1,0,0,0,0,1,1
381,5,5,3,5,4,3,3,3,4,4,4,3,180,0,0,0,0,0,0,1,0,0,0,0,0,0,0,0,1,1,1,0,0,36,0,1,0,1,0,0,2
382,1,3,5,2,4,3,2,2,4,3,3,4,100,1,0,0,0,0,0,0,0,0,0,0,0,1,1,1,1,1,1,1,0,46,1,1,0,1,0,0,2
383,2,3,6,1,4,3,2,1,3,3,4,3,160,1,0,0,0,0,1,0,0,0,0,0,0,1,0,1,1,1,1,1,1,36,1,1,0,1,0,0,2
384,7,7,3,7,3,2,3,3,3,3,2,4,190,1,0,0,0,0,0,0,0,0,0,0,0,0,0,0,1,1,1,0,0,40,1,1,0,0,1,0,3
385,3,4,4,4,3,3,3,3,5,3,2,4,190,1,0,0,0,0,0,0,0,0,0,0,1,1,1,1,1,1,1,0,1,41,0,1,0,0,1,0,2
386,3,5,4,5,3,4,4,4,1,6,5,5,240,1,0,0,0,1,0,0,0,0,0,0,0,1,0,0,1,0,1,1,0,33,1,0,0,0,0,1,1
387,6,6,5,5,3,5,6,4,1,7,5,7,290,1,0,0,0,1,0,0,0,0,0,0,0,1,1,1,1,0,1,1,1,35,1,0,0,0,1,0,1
388,4,6,3,5,5,4,6,4,1,7,4,5,210,1,0,0,0,1,0,0,0,0,0,0,0,1,0,1,1,1,1,1,1,34,1,0,0,0,0,0,1
389,4,5,4,5,3,4,5,4,1,6,5,6,220,1,1,0,0,1,0,0,0,0,0,0,0,1,0,1,1,0,1,1,0,28,1,1,0,0,1,0,1
390,3,6,7,5,5,7,3,3,3,6,6,6,150,1,0,0,0,0,1,0,0,0,0,0,0,1,1,1,1,1,0,1,1,28,1,1,0,1,0,0,1
391,3,3,4,2,5,6,2,3,3,5,7,4,140,0,0,0,0,0,1,0,0,0,0,0,0,1,0,1,1,0,0,1,1,25,0,1,0,0,0,1,1
392,4,5,5,5,3,5,4,4,1,6,5,7,220,0,1,0,0,1,0,0,0,0,0,0,0,1,1,0,1,1,1,1,1,26,0,1,0,0,0,0,1
393,1,5,3,6,3,5,4,5,2,2,2,4,170,1,1,0,0,1,0,0,0,0,0,0,0,1,1,0,1,0,1,1,0,40,1,0,0,0,1,0,3
394,4,5,4,5,3,5,6,4,2,6,5,6,210,0,1,0,0,1,0,0,0,0,0,0,0,1,0,1,1,1,1,1,0,31,0,1,0,0,1,0,1
395,4,5,3,4,2,4,5,5,2,5,4,3,230,0,1,0,0,1,0,0,0,0,0,0,0,0,0,0,1,0,1,1,1,35,0,0,0,0,0,0,3
396,6,5,6,5,4,5,6,4,1,7,5,7,230,1,1,0,0,1,0,0,0,0,0,0,0,1,1,1,1,1,0,1,1,32,1,0,0,0,1,0,1
397,3,7,4,7,3,5,6,7,3,6,4,3,200,1,1,0,0,1,0,0,0,0,0,0,0,0,0,0,1,0,1,1,0,39,0,0,0,0,1,0,3
398,6,7,2,3,2,2,3,4,4,4,4,3,280,0,0,0,0,0,0,0,0,0,0,0,0,0,1,1,1,1,1,0,1,41,0,1,0,0,1,0,3
399,5,5,5,5,3,5,2,4,3,5,6,4,170,0,0,0,0,0,1,0,0,0,0,0,0,1,0,0,1,1,0,1,1,30,0,1,0,0,1,0,1
400,6,4,3,4,3,1,3,1,3,3,3,4,250,1,0,0,1,0,0,0,0,0,0,0,0,1,0,0,1,1,1,0,1,41,1,1,0,0,1,0,2
401,6,7,7,4,5,6,6,4,4,7,5,7,240,1,1,0,0,1,0,0,0,0,0,0,0,1,1,1,1,1,0,1,1,25,1,0,0,0,0,0,1
402,5,5,6,5,4,6,5,4,5,7,5,7,250,1,1,0,0,1,0,0,0,0,0,0,0,1,0,0,1,0,1,1,1,32,0,0,0,0,0,0,1
403,4,6,1,6,1,3,3,5,3,2,1,3,250,1,0,0,0,0,0,1,0,0,0,0,0,1,1,1,1,1,1,1,1,39,0,1,0,0,1,0,3
404,5,4,4,4,5,6,2,3,3,6,6,4,160,0,0,0,0,0,1,0,0,0,0,0,0,1,0,1,1,0,0,1,1,29,1,1,0,0,1,0,1
405,5,3,5,6,4,4,6,3,6,4,4,5,220,0,0,0,0,0,0,0,0,0,1,0,0,0,0,1,1,0,0,1,0,26,1,1,0,1,0,0,1
406,5,5,5,5,3,5,6,4,5,6,4,7,290,1,1,0,0,1,0,0,0,0,0,0,0,1,1,1,1,1,0,1,1,29,1,0,0,0,1,0,1
407,4,7,5,4,4,3,3,3,4,4,4,4,190,0,0,0,0,0,0,0,0,0,0,1,0,1,1,1,1,1,1,0,0,41,1,1,0,0,1,0,2
408,4,5,5,4,3,5,6,4,4,6,4,5,210,1,1,0,0,1,0,0,0,0,0,0,0,1,0,0,1,0,1,1,0,31,0,0,0,0,0,0,1
409,4,2,6,3,4,4,3,3,3,4,4,4,160,1,0,0,0,0,0,0,1,0,0,0,0,1,1,1,1,1,1,1,0,40,1,1,0,0,1,0,2
410,4,3,6,3,4,7,2,7,3,5,7,4,130,1,0,0,0,0,1,0,0,0,0,0,0,0,1,1,1,0,0,0,1,28,0,1,1,0,0,0,1
411,4,3,4,3,3,6,2,7,3,6,6,4,180,0,0,0,0,0,1,0,0,0,0,0,0,1,1,1,1,0,0,1,1,25,0,1,0,0,1,0,1
412,3,4,6,1,4,3,3,1,3,4,4,3,180,0,0,0,0,0,0,0,0,0,0,0,1,1,1,1,1,1,1,0,0,41,1,1,0,0,1,0,2
413,6,6,4,4,3,4,6,4,6,7,4,5,290,1,1,0,0,1,0,0,0,0,0,0,0,1,0,1,1,0,1,1,1,28,0,0,0,0,0,1,1
414,5,7,5,5,4,4,6,4,4,7,5,5,240,1,1,0,0,1,0,0,0,0,0,0,0,1,0,0,1,0,1,1,1,35,1,0,0,0,1,0,1
415,4,6,7,1,5,7,6,4,4,7,4,6,190,1,1,0,0,1,0,0,0,0,0,0,0,1,0,0,1,0,1,1,1,29,0,0,0,0,0,0,1
416,4,4,4,4,3,2,4,1,3,3,3,4,110,1,0,0,0,0,0,1,0,0,0,0,0,0,1,0,1,1,1,1,1,39,0,1,0,0,0,1,2
417,5,6,1,4,2,4,3,3,5,4,3,5,250,0,0,0,0,0,0,0,0,0,0,0,1,1,1,1,1,1,1,1,1,41,0,1,0,0,0,1,3
418,3,6,4,4,3,6,6,4,3,7,4,7,180,1,1,0,0,1,0,0,0,0,0,0,0,1,0,0,1,0,1,1,1,31,0,0,0,0,0,1,1
419,2,3,3,4,3,5,3,5,3,3,3,4,240,1,1,0,0,1,0,0,0,0,0,0,0,1,1,0,1,1,1,1,0,40,1,0,0,0,0,1,2
420,2,1,4,6,4,3,1,3,4,3,4,3,180,0,0,0,0,0,0,0,1,0,0,0,0,1,1,1,1,1,1,1,0,32,0,1,0,1,0,0,2
421,6,5,7,1,6,6,6,4,5,5,5,6,220,1,0,0,0,0,1,0,0,0,0,0,0,0,1,1,1,1,0,1,0,32,1,0,0,0,1,0,1
422,4,4,4,7,4,3,3,2,5,3,3,3,210,0,0,0,0,0,0,0,1,0,0,0,0,0,0,0,1,1,1,0,0,38,1,1,0,1,0,0,2
423,4,4,6,6,4,4,3,3,4,4,4,3,140,0,0,0,0,0,1,0,0,0,0,0,0,0,0,0,1,1,1,0,0,32,1,1,0,0,1,0,2
424,3,3,1,7,2,4,3,7,1,3,2,4,310,1,1,0,0,1,0,0,0,0,0,0,0,0,0,0,1,0,1,1,0,38,0,0,0,0,1,0,3
425,2,4,4,2,4,3,3,2,2,3,2,4,220,1,0,0,0,0,1,0,0,0,0,0,0,1,0,0,1,1,1,1,0,39,0,1,0,0,1,0,2
426,4,4,4,5,3,4,4,5,1,6,5,4,200,1,1,0,0,1,0,0,0,0,0,0,0,1,0,1,1,0,1,1,1,40,1,0,0,0,1,0,1
427,3,5,2,4,2,3,4,4,1,3,2,3,320,0,1,0,0,1,0,0,0,0,0,0,0,1,1,1,1,1,1,1,0,35,0,0,0,0,1,0,3
428,2,4,4,7,3,5,4,5,3,5,4,4,160,1,1,0,0,1,0,0,0,0,0,0,0,0,1,1,1,1,1,1,0,44,1,0,0,0,0,0,1
429,4,4,4,3,3,2,4,1,2,3,3,4,230,1,0,0,0,0,0,0,0,0,1,0,0,1,0,0,1,1,1,1,0,39,0,1,0,0,0,1,2
430,4,4,5,3,3,6,4,6,3,5,6,4,150,0,0,0,0,0,1,0,0,0,0,0,0,1,0,1,1,0,0,0,1,28,1,1,0,0,1,0,1
431,4,6,3,4,3,4,5,4,3,6,3,4,270,1,1,0,0,1,0,0,0,0,0,0,0,1,1,1,1,1,1,1,1,38,0,0,0,0,1,0,3
432,4,7,5,5,4,5,5,4,3,7,5,6,230,0,0,0,0,1,0,0,0,0,0,0,0,1,0,1,1,0,1,1,1,33,0,0,0,0,0,1,1
433,3,7,2,5,2,3,3,4,1,4,2,3,190,1,1,0,0,1,0,0,0,0,0,0,0,1,0,0,1,1,1,1,0,39,1,0,0,0,0,1,3
434,4,4,6,4,4,6,2,5,3,5,7,6,220,1,0,0,0,0,1,0,0,0,0,0,0,1,0,1,1,0,0,0,1,25,1,1,0,0,0,0,1
435,5,5,2,7,2,4,6,6,1,5,2,3,190,1,1,0,0,1,0,0,0,0,0,0,0,1,0,0,1,1,1,1,0,37,0,0,0,0,0,1,3
436,6,4,7,6,5,4,6,3,5,5,5,4,210,0,1,1,0,0,0,0,0,0,0,0,0,1,1,1,1,1,0,1,0,31,1,0,0,1,0,0,1
437,4,7,6,5,4,6,6,4,3,7,4,6,200,1,0,0,0,1,0,0,0,0,0,0,0,1,0,1,1,1,1,1,1,33,1,0,0,0,0,0,1
438,4,4,4,5,3,2,3,2,1,3,2,4,150,0,0,0,0,0,0,0,1,0,0,0,0,1,0,0,1,1,1,0,1,41,0,1,0,0,1,0,2
439,4,1,7,3,5,4,3,3,4,3,4,4,190,1,0,0,0,0,1,0,0,0,0,0,0,1,1,1,1,1,1,1,0,39,1,1,0,1,0,0,2
440,2,5,3,7,2,5,6,7,3,2,1,3,350,1,1,0,0,0,1,0,0,0,0,0,0,1,0,1,1,1,1,1,1,38,0,0,0,0,1,0,3
441,3,7,6,4,4,6,5,6,3,5,7,4,170,1,0,0,0,0,1,0,0,0,0,0,0,1,1,1,1,0,0,1,1,24,1,1,0,0,0,1,1
442,7,6,4,4,4,2,3,3,4,6,3,4,230,0,0,0,0,0,0,0,0,0,1,0,0,1,1,1,1,1,1,1,1,32,0,1,0,0,1,0,2
443,4,1,5,3,4,3,3,3,4,3,4,4,230,1,0,0,0,1,0,0,0,0,0,0,0,1,0,0,1,1,1,0,1,39,0,1,0,0,1,0,2
444,5,5,5,5,3,4,6,4,3,7,4,6,250,1,0,0,0,1,0,0,0,0,0,0,0,1,0,1,1,0,1,1,1,25,1,0,0,0,1,0,1
445,5,4,3,4,3,4,3,4,2,3,3,3,190,0,0,0,0,0,0,0,0,0,0,0,1,1,0,0,1,1,1,0,0,40,0,1,0,1,0,0,2
446,2,4,3,7,2,5,6,7,2,5,3,3,210,1,1,0,0,0,1,0,0,0,0,0,0,0,0,1,1,1,1,1,1,42,0,0,0,0,1,0,3
447,4,6,5,3,4,3,3,1,3,4,4,3,230,1,0,0,0,1,0,0,0,0,0,0,0,0,0,1,1,1,1,0,0,39,0,1,0,0,1,0,2
448,4,5,4,3,3,4,6,4,3,7,4,4,230,1,0,0,0,1,0,0,0,0,0,0,0,1,0,1,1,0,1,1,1,27,0,0,0,0,1,0,1
449,5,3,5,5,4,5,5,4,3,7,5,7,230,1,0,0,0,1,0,0,0,0,0,0,0,1,1,0,1,1,1,1,1,32,0,0,0,0,0,1,1
450,4,3,4,2,4,3,3,3,6,3,4,3,240,1,0,0,0,0,0,0,0,1,0,0,0,0,0,1,1,1,1,0,0,40,0,1,0,0,1,0,2
451,3,7,6,3,4,6,4,5,3,5,7,4,130,0,0,0,0,0,1,0,0,0,0,0,0,1,1,1,1,0,0,0,1,27,0,1,0,0,0,0,1
452,5,5,3,4,3,1,3,2,2,3,2,4,180,0,0,0,0,0,0,0,1,0,0,0,0,1,1,1,1,1,1,1,0,41,0,1,0,1,0,0,2
453,5,6,7,5,5,4,6,2,3,5,5,4,150,0,0,0,0,0,0,0,0,0,1,0,0,0,0,1,1,0,0,1,0,26,1,1,0,0,1,0,1
454,5,4,7,4,5,5,6,4,5,4,5,5,220,1,0,0,0,0,0,0,0,0,0,1,0,1,1,1,1,1,0,1,0,31,1,1,0,1,0,0,1
455,4,7,3,6,2,3,6,4,1,2,1,4,240,1,1,0,0,0,1,0,0,0,0,0,0,1,1,1,1,1,1,1,0,37,1,0,0,0,0,1,3
456,4,4,5,3,4,3,3,1,5,4,4,4,150,0,0,0,0,1,0,0,0,0,0,0,0,1,1,1,1,1,1,0,0,42,1,1,1,0,0,0,2
457,2,5,2,7,2,5,6,7,3,1,1,4,320,1,1,0,0,0,1,0,0,0,0,0,0,0,0,1,1,1,1,1,0,36,1,0,0,0,1,0,3
458,1,1,4,1,3,3,1,4,4,1,2,4,150,1,0,0,0,0,0,1,0,0,0,0,0,1,1,1,1,1,1,1,0,39,0,1,0,0,1,0,2
459,3,5,4,5,4,6,5,5,2,5,7,4,210,1,0,0,0,0,1,0,0,0,0,0,0,1,1,1,1,0,0,1,1,31,1,1,0,0,0,0,1
460,3,4,4,4,4,3,3,2,3,3,2,4,240,0,0,0,1,0,0,0,0,0,0,0,0,0,0,0,1,1,1,0,0,41,0,1,0,0,0,1,2
461,4,5,6,7,4,7,3,7,3,5,6,4,170,0,0,0,0,0,1,0,0,0,0,0,0,1,1,1,1,0,0,0,1,29,1,1,0,1,0,0,1
462,2,3,7,2,5,4,1,1,2,1,3,3,150,0,0,0,0,0,0,0,0,0,0,1,0,0,0,1,1,1,1,0,1,43,1,1,1,0,0,0,2
463,4,5,7,4,3,3,4,4,2,2,3,4,110,0,0,0,0,0,0,0,0,0,0,1,0,1,0,0,1,1,1,0,0,40,1,1,0,0,1,0,2
464,6,4,5,3,5,4,4,3,3,5,3,3,100,0,0,0,0,0,0,1,0,0,0,0,0,0,0,0,1,1,1,0,0,34,0,1,0,1,0,0,2
465,5,6,6,4,5,4,2,3,4,5,3,2,180,0,0,0,0,0,0,0,0,0,1,0,0,0,0,0,1,1,1,0,1,34,0,1,0,0,1,0,2
466,4,6,3,5,4,6,7,4,3,7,4,6,230,1,0,0,0,0,1,0,0,0,0,0,0,1,0,0,1,0,1,1,1,32,0,0,0,0,1,0,1
467,4,7,5,5,4,6,7,4,3,7,4,6,210,0,0,0,0,0,1,0,0,0,0,0,0,1,1,1,1,1,1,1,1,35,1,0,0,0,0,0,1
468,1,1,5,1,4,3,1,2,4,3,4,4,120,0,0,0,0,0,0,1,0,0,0,0,0,1,1,1,1,1,1,1,0,34,0,1,0,1,0,0,2
469,1,5,1,4,3,5,4,4,1,4,3,4,250,0,1,0,0,0,0,0,0,0,0,0,0,1,0,1,1,1,1,1,1,36,1,0,0,0,1,0,3
470,3,3,4,1,3,2,1,1,5,3,3,4,210,1,0,0,0,0,1,0,0,0,0,0,0,0,0,0,1,1,1,0,1,33,1,1,0,0,1,0,2
471,2,2,1,2,2,3,3,5,5,1,2,4,200,0,0,0,0,0,0,1,0,0,0,0,0,0,0,1,1,1,1,0,1,41,1,1,0,0,1,0,2
472,3,4,4,4,3,3,1,4,4,3,2,4,150,1,0,0,0,0,0,0,1,0,0,0,0,1,1,1,1,1,1,1,0,42,1,1,0,0,1,0,2
473,3,5,5,5,3,6,6,4,3,7,5,6,200,1,0,0,0,0,1,0,0,0,0,0,0,1,0,1,1,0,1,1,1,36,0,0,0,0,0,1,1
474,4,4,2,4,4,3,1,3,4,3,3,4,200,0,0,0,0,0,0,1,0,0,0,0,0,0,0,0,1,1,1,0,0,35,1,1,0,0,0,1,2
475,6,5,5,4,3,6,7,4,3,7,4,5,200,0,0,0,0,0,1,0,0,0,0,0,0,1,1,1,1,1,1,1,1,37,0,1,0,0,0,0,1
476,4,4,6,5,4,6,2,7,3,5,6,6,200,1,0,0,0,0,1,0,0,0,0,0,0,1,0,0,1,0,1,0,1,24,0,0,0,0,0,0,1
477,2,4,5,4,2,5,4,6,3,4,3,4,190,1,1,0,0,0,0,1,0,0,0,0,0,0,0,0,1,1,1,1,0,44,1,0,0,0,1,0,3
478,5,4,5,3,4,2,3,1,2,3,3,4,290,0,0,0,1,0,0,0,0,0,0,0,0,1,1,1,1,1,1,1,1,46,0,1,0,0,1,0,2
479,6,7,2,6,3,4,6,4,2,5,4,3,320,1,1,0,0,0,0,1,0,0,0,0,0,0,0,0,1,1,1,1,1,30,1,0,0,0,0,1,3
480,5,7,4,5,3,4,7,5,1,3,4,3,360,1,1,0,0,0,0,0,1,0,0,0,0,1,1,1,1,1,1,1,1,44,0,0,0,0,0,1,3
481,4,4,5,4,4,3,3,2,3,4,3,3,180,1,0,0,0,0,0,0,0,0,0,1,0,1,0,0,1,1,1,0,0,41,1,1,0,1,0,0,2
482,6,6,3,6,3,1,3,1,3,3,2,4,250,0,0,0,1,0,0,0,0,0,0,0,0,1,1,1,1,1,1,1,1,41,0,1,0,0,1,0,2
483,4,4,5,4,4,6,4,5,2,5,6,6,170,0,0,0,0,0,0,1,0,0,0,0,0,1,0,1,1,1,0,1,1,30,0,1,0,1,0,0,1
484,4,3,6,1,4,3,4,1,4,4,3,3,250,1,0,0,0,0,0,0,0,0,1,0,0,1,0,1,1,0,1,1,0,34,0,1,0,0,1,0,2
485,2,4,3,4,3,2,3,2,4,2,1,3,280,0,0,0,1,0,0,0,0,0,0,0,0,1,1,1,0,0,1,0,1,44,0,1,0,0,0,1,2
486,3,4,2,4,2,4,5,5,1,4,3,4,190,1,1,0,0,0,0,0,1,0,0,0,0,0,0,0,0,1,1,1,1,35,1,0,0,0,1,0,3
487,4,5,4,5,3,5,4,7,3,6,5,6,200,1,1,0,0,0,1,0,0,0,0,0,0,1,1,1,0,0,1,0,1,37,1,0,0,0,0,0,1
488,4,5,2,5,2,4,7,6,2,4,3,3,230,0,1,0,0,0,0,0,1,0,0,0,0,1,0,0,0,1,1,1,0,42,0,0,0,0,1,0,3
489,5,5,6,4,4,5,7,7,3,7,4,7,260,1,0,0,0,0,1,0,0,0,0,0,0,1,1,1,0,1,1,0,1,32,1,0,0,0,1,0,1
490,3,7,3,7,3,5,7,6,2,3,2,3,220,1,1,0,0,0,0,0,1,0,0,0,0,1,1,1,1,1,1,1,1,34,0,0,0,0,0,0,3
491,3,4,3,4,2,5,5,6,1,4,4,3,310,0,1,0,0,0,0,0,1,0,0,0,0,1,0,1,1,1,1,1,1,38,0,0,0,0,0,0,3
492,5,4,4,3,5,6,2,3,3,5,7,4,160,1,0,0,0,0,0,1,0,0,0,0,0,0,1,1,1,1,0,1,1,25,1,1,0,0,0,0,1
493,3,3,5,2,4,3,4,1,4,3,4,3,200,1,0,0,0,0,0,0,0,0,0,1,0,1,1,1,1,1,1,1,1,36,0,1,0,0,1,0,2
494,6,5,5,4,3,6,4,7,3,7,5,6,210,0,0,0,0,0,1,0,0,0,0,0,0,1,0,0,0,0,1,0,1,32,0,1,0,0,1,0,1
495,5,4,4,3,3,2,3,2,3,4,4,3,210,0,0,0,0,1,0,0,0,0,0,0,0,1,0,0,0,0,1,0,0,35,1,1,0,0,0,1,2
496,3,5,2,5,2,4,5,5,1,4,2,4,230,1,0,0,0,0,0,0,1,0,0,0,0,1,1,1,1,1,1,1,1,45,1,1,0,0,0,0,3
497,3,4,5,4,4,3,3,3,3,3,3,4,200,0,0,0,1,0,0,0,0,0,0,0,0,1,0,0,0,1,1,0,0,40,1,1,0,0,1,0,2
498,6,7,2,7,2,4,7,6,2,1,1,3,210,1,0,0,0,0,0,0,1,0,0,0,0,1,1,1,1,1,1,1,0,39,0,1,0,0,1,0,3
499,6,5,5,4,4,6,4,7,3,7,5,6,220,1,0,0,0,0,1,0,0,0,0,0,0,1,1,1,1,1,1,1,1,35,0,0,0,0,0,0,1
500,5,4,5,1,3,6,3,5,2,5,6,4,150,1,0,0,0,0,0,1,0,0,0,0,0,1,1,1,0,0,0,0,1,30,0,0,0,0,0,0,1
501,2,5,2,7,2,5,3,7,1,3,2,3,200,1,0,0,0,0,0,0,1,0,0,0,0,1,0,0,1,1,1,1,0,35,1,1,0,0,0,0,3
502,3,5,3,4,3,5,4,5,1,5,3,3,340,0,1,0,0,0,0,0,1,0,0,0,0,1,1,0,1,1,1,1,1,38,1,1,0,0,0,0,3
503,6,5,7,6,5,4,5,2,6,5,5,4,190,0,0,0,0,0,1,0,0,0,0,0,0,1,0,1,0,0,0,0,0,34,1,1,0,0,1,0,1
504,4,5,3,7,2,4,7,4,1,2,2,4,330,0,0,0,0,0,0,0,1,0,0,0,0,1,0,0,1,1,1,1,1,33,0,1,0,0,0,0,3
505,3,5,2,7,2,3,4,4,2,1,1,3,200,0,0,0,0,0,0,0,1,0,0,0,0,1,1,0,1,1,1,1,1,45,1,1,0,0,0,0,3
506,5,5,4,4,5,6,2,4,3,5,7,6,200,0,0,0,0,0,0,1,0,0,0,0,0,1,1,1,0,1,0,1,1,25,1,1,0,0,0,0,1
507,4,3,2,7,2,4,7,5,2,5,3,4,180,0,0,0,0,0,0,0,1,0,0,0,0,1,1,0,1,1,1,1,0,44,1,1,0,0,0,0,3
508,3,4,2,7,2,3,4,4,1,1,1,4,240,1,1,0,0,0,0,0,1,0,0,0,0,1,0,0,1,1,1,1,0,38,0,1,0,0,0,0,3
509,4,6,5,5,4,3,3,3,4,3,4,4,200,0,0,0,0,1,0,0,0,0,0,0,0,1,1,1,0,1,1,1,1,40,1,1,0,0,1,0,2
510,4,1,4,2,3,6,2,6,2,6,6,4,200,0,0,0,0,0,0,1,0,0,0,0,0,1,0,1,0,0,0,0,1,26,1,1,0,1,0,0,1
511,3,1,5,1,4,3,3,1,4,3,4,3,150,0,0,0,0,1,0,0,0,0,0,0,0,1,0,1,0,0,1,0,0,39,0,1,1,0,0,0,2
512,3,4,5,6,4,6,5,5,3,5,7,4,170,1,0,0,0,0,0,1,0,0,0,0,0,1,0,1,0,0,0,0,1,27,0,1,0,1,0,0,1
513,6,2,6,1,5,3,5,2,5,5,5,4,170,0,0,0,0,0,0,0,0,0,0,1,0,0,0,1,0,0,0,1,0,30,1,1,0,1,0,0,2
514,6,7,4,4,3,6,5,7,3,6,5,5,230,0,0,0,0,0,1,0,0,0,0,0,0,1,1,1,0,0,1,1,1,38,1,1,0,0,1,0,1
515,5,6,5,5,4,6,7,7,3,7,5,7,230,0,0,0,0,0,1,0,0,0,0,0,0,1,1,1,0,1,1,1,1,36,1,0,0,0,0,0,1
516,3,5,5,5,4,6,7,7,3,7,4,7,280,0,1,0,0,0,1,0,0,0,0,0,0,1,1,1,0,0,1,1,1,40,1,0,0,0,0,0,1
517,3,4,2,4,2,5,3,7,1,4,3,3,210,0,0,0,0,0,0,0,1,0,0,0,0,1,1,0,1,1,1,1,1,44,0,1,0,0,0,0,3
518,2,7,4,4,3,5,4,5,3,3,4,4,240,1,0,0,0,0,0,0,1,0,0,0,0,1,1,0,1,0,1,0,0,40,1,1,0,0,0,0,3
519,4,5,5,4,3,3,4,3,4,4,3,5,160,0,0,0,0,1,0,0,0,0,0,0,0,1,0,1,0,1,1,1,0,40,1,1,0,0,1,0,2
520,5,3,4,5,3,5,7,7,3,6,4,7,300,1,0,0,0,0,1,0,0,0,0,0,0,1,0,0,0,0,1,1,1,33,1,1,0,0,1,0,1
521,3,2,6,3,4,3,3,1,3,4,4,3,220,0,0,0,1,0,0,0,0,0,0,0,0,0,0,0,0,0,1,0,1,41,1,0,0,1,0,0,2
522,3,4,1,5,1,2,5,4,1,2,1,3,200,0,1,0,0,0,0,0,1,0,0,0,0,1,1,0,1,0,1,0,1,44,0,1,0,0,0,0,3
523,5,7,2,7,2,4,7,6,2,5,3,3,210,1,0,0,0,0,0,0,1,0,0,0,0,1,1,0,1,1,1,1,0,36,1,1,0,0,0,0,3
524,6,6,6,5,4,4,7,7,3,5,4,6,300,0,1,0,0,0,1,0,0,0,0,0,0,1,0,0,0,0,1,1,1,26,0,0,0,0,1,0,1
525,5,5,5,5,4,2,3,2,2,4,3,3,170,0,0,0,0,0,0,1,0,0,0,0,0,0,0,0,0,0,1,0,0,35,0,1,0,0,1,0,2
526,4,7,7,1,6,3,3,1,4,6,3,4,150,0,0,0,0,1,0,0,0,0,0,0,0,0,1,0,0,1,1,1,0,32,0,1,0,0,1,0,2
527,5,1,4,7,4,2,4,1,2,3,3,4,250,0,0,0,1,0,0,0,0,0,0,0,0,1,1,1,0,1,1,0,0,42,0,0,0,0,1,0,2
528,3,5,6,1,4,5,4,7,3,5,4,5,220,0,1,0,0,0,0,1,0,0,0,0,0,1,1,1,0,1,1,1,1,37,0,1,0,0,1,0,1
529,6,1,5,7,4,2,3,2,3,5,4,4,340,0,0,0,1,0,0,0,0,0,0,0,0,0,0,1,0,1,1,0,1,39,0,1,0,0,1,0,2
530,4,5,4,6,4,3,3,3,5,3,3,3,130,0,0,0,0,0,0,0,1,0,0,0,0,1,1,1,0,1,1,1,0,40,1,0,0,1,0,0,2
531,4,1,5,4,4,4,3,5,5,4,4,4,160,0,0,0,0,1,0,0,0,0,0,0,0,1,1,1,0,1,1,1,1,42,1,1,0,0,0,1,2
532,4,6,2,2,2,4,4,4,1,5,3,4,180,0,0,0,0,0,0,0,0,0,0,0,1,1,1,1,0,1,1,1,0,39,1,1,0,0,1,0,3
533,4,2,3,6,3,1,3,1,3,3,3,4,290,0,0,0,0,0,0,0,0,0,0,0,0,0,0,0,0,0,1,0,1,32,1,0,0,0,0,1,2
534,3,4,4,3,4,4,4,4,4,2,3,3,160,0,0,0,0,0,0,0,0,0,0,0,1,1,1,1,0,1,1,0,0,42,1,0,0,0,1,0,2
535,4,5,5,5,4,6,7,7,4,5,5,7,230,1,0,0,0,0,0,1,0,0,0,0,0,1,1,1,0,1,1,1,1,39,0,1,0,0,1,0,1
536,2,7,2,4,2,2,3,4,1,2,1,1,250,0,0,0,0,0,0,0,1,0,0,0,0,1,1,0,1,0,1,0,1,40,1,1,0,0,0,0,3
537,5,6,6,4,5,4,7,4,5,4,5,4,210,1,0,0,0,0,0,1,0,0,0,0,0,1,1,1,0,1,0,1,0,27,1,1,0,1,0,0,1
538,5,4,2,1,2,1,3,1,4,2,2,4,170,0,0,0,0,0,0,0,0,0,0,1,0,1,1,1,0,1,1,0,0,44,0,1,0,1,0,0,2
539,5,5,5,1,4,6,4,7,3,6,5,7,270,1,0,0,0,0,0,1,0,0,0,0,0,1,0,0,0,0,1,1,1,28,0,1,0,0,1,0,1
540,3,6,2,5,2,4,5,6,1,4,3,3,200,0,0,0,0,0,0,0,1,0,0,0,0,1,1,0,1,1,1,1,0,42,1,1,0,0,0,0,3
541,4,5,5,1,4,5,4,4,3,7,4,7,220,1,0,0,0,0,0,1,0,0,0,0,0,1,1,0,0,1,1,1,1,28,0,1,0,0,1,0,1
542,4,4,6,3,4,3,3,1,5,4,3,3,240,0,0,0,1,0,0,0,0,0,0,0,0,0,0,0,0,0,1,0,1,38,0,0,0,0,1,0,2
543,6,7,4,5,3,5,7,4,3,7,5,7,260,1,0,0,0,0,0,1,0,0,0,0,0,1,0,0,0,0,1,1,0,33,0,1,0,0,1,0,1
544,7,6,7,5,6,5,7,4,6,6,5,6,290,0,0,0,0,0,0,0,0,0,1,0,0,1,1,1,0,1,0,1,0,25,1,1,0,0,1,0,1
545,3,5,5,4,4,3,3,2,3,3,3,4,100,0,0,0,0,0,0,0,1,0,0,0,0,1,1,1,0,1,1,1,0,39,1,1,1,0,0,0,2
546,2,5,1,4,2,3,3,4,1,4,2,3,190,1,1,0,0,0,0,0,1,0,0,0,0,0,0,0,1,0,1,0,1,38,0,0,0,0,0,1,3
547,2,4,1,3,2,1,4,3,5,1,1,3,200,0,0,0,0,0,0,0,0,0,0,1,0,0,0,0,0,0,1,0,1,40,0,1,0,0,0,1,2
548,4,4,2,7,2,4,7,7,1,5,2,3,340,1,1,0,0,0,0,0,1,0,0,0,0,0,0,0,1,0,1,0,0,41,0,1,0,0,0,1,3
549,7,2,3,3,3,1,3,1,4,3,3,4,120,0,0,0,0,0,0,0,0,0,0,1,0,0,0,0,0,0,1,0,0,43,0,1,1,0,0,0,2
550,4,4,7,4,6,3,3,2,3,3,3,5,180,0,0,0,0,0,1,0,0,0,0,0,0,0,0,0,0,0,1,0,0,36,1,1,0,0,0,1,2
551,4,7,3,5,2,4,4,4,1,5,4,5,180,1,0,0,0,0,0,0,1,0,0,0,0,1,1,0,1,1,1,0,0,40,1,1,0,0,1,0,3
552,2,3,5,1,4,3,2,2,3,1,3,4,140,0,0,0,0,0,0,0,0,0,0,1,0,0,0,0,0,0,1,0,0,41,0,1,0,1,0,0,2
553,3,4,2,4,2,3,4,5,1,5,4,3,200,0,0,0,0,0,0,0,1,0,0,0,0,0,1,0,1,1,1,0,1,44,0,0,0,0,1,0,3
554,4,1,6,4,5,4,3,3,4,3,4,4,180,0,0,0,0,0,0,0,0,0,0,1,0,1,1,1,0,1,1,0,0,42,0,1,0,1,0,0,2
555,6,7,4,5,3,5,7,4,3,6,5,7,300,1,0,0,0,0,0,1,0,0,0,0,0,1,0,1,0,1,1,1,1,33,0,1,0,0,1,0,1
556,3,1,4,1,4,3,4,3,5,3,4,3,150,0,0,0,0,0,0,0,0,0,0,1,0,1,0,1,0,0,1,1,0,39,0,1,0,0,1,0,2
557,5,5,5,4,3,4,7,4,3,4,4,5,250,1,0,0,0,0,0,1,0,0,0,0,0,1,0,1,0,0,1,1,1,31,0,1,0,0,0,0,1
558,5,6,4,5,3,4,7,4,2,3,3,3,330,1,0,0,0,0,0,0,0,1,0,0,0,0,0,0,1,0,1,1,0,31,0,1,0,0,0,0,3
559,3,5,5,3,4,3,3,1,3,3,3,3,220,0,0,0,0,1,0,0,0,0,0,0,0,0,0,0,0,0,1,0,1,38,0,1,0,0,0,1,2
560,5,6,6,3,4,3,3,1,4,4,4,3,150,0,0,0,0,0,0,0,0,0,1,0,0,1,1,1,0,1,1,1,1,32,0,1,0,0,1,0,2
561,3,7,4,4,3,2,3,2,4,2,2,3,160,0,0,0,0,1,0,0,0,0,0,0,0,1,1,1,0,0,1,0,0,46,1,1,0,0,1,0,2
562,5,5,3,3,3,4,4,4,3,2,3,4,240,0,0,0,0,0,0,0,0,0,0,0,0,1,1,1,0,1,1,0,0,44,1,0,0,0,1,0,2
563,3,4,1,4,3,3,3,2,3,3,3,4,150,0,0,0,0,0,0,1,0,0,0,0,0,0,0,0,0,0,1,0,0,39,0,1,0,1,0,0,2
564,5,6,6,5,4,4,2,4,3,5,3,5,150,0,0,0,0,0,0,1,0,0,0,0,0,1,1,1,0,1,1,1,0,33,0,1,0,0,1,0,1
565,4,4,5,2,6,3,4,1,6,4,3,3,200,0,0,0,0,1,0,0,0,0,0,0,0,0,0,0,0,0,1,0,1,39,0,1,0,0,1,0,2
566,3,4,2,3,1,3,4,4,5,2,2,4,190,0,0,0,0,1,0,0,0,0,0,0,0,1,1,1,0,1,1,1,1,40,0,1,0,0,1,0,2
567,6,4,1,3,5,1,3,3,5,3,3,4,150,0,0,0,0,0,0,0,0,0,1,0,0,1,1,1,0,1,1,1,0,33,0,1,0,0,1,0,2
568,3,5,7,4,2,3,3,4,5,5,3,5,260,0,0,0,0,0,0,0,0,0,0,0,1,1,1,1,0,1,1,1,1,40,0,0,0,0,1,0,2
569,2,2,6,1,2,4,3,2,3,1,4,3,240,0,0,0,0,0,0,0,0,0,0,1,0,1,1,1,0,1,1,1,1,39,0,1,0,0,1,0,2
570,2,5,7,5,5,3,2,2,3,2,1,3,170,0,0,0,0,0,1,0,0,0,0,0,0,1,1,1,0,1,1,1,0,33,1,1,0,0,1,0,2
571,7,6,7,5,5,5,5,3,7,6,5,6,200,1,0,0,0,0,0,0,0,1,0,0,0,0,0,1,0,0,0,1,1,29,1,0,0,0,1,0,1
572,4,6,5,6,4,3,3,4,1,4,2,4,150,0,0,0,0,0,0,0,1,0,0,0,0,1,0,0,0,0,1,1,1,39,0,1,0,0,1,0,2
573,6,5,5,4,4,5,6,4,3,7,4,6,290,1,0,0,0,0,0,1,0,0,0,0,0,1,0,1,0,0,1,1,0,25,0,1,0,0,1,0,1
574,7,4,7,3,7,2,6,3,3,5,5,4,250,1,0,0,0,0,0,0,0,0,1,0,0,0,1,1,0,1,0,1,0,28,0,1,0,0,1,0,1
575,5,7,5,5,4,5,7,4,3,7,4,7,260,1,0,0,0,0,0,1,0,0,0,0,0,1,1,1,0,1,0,1,0,25,0,1,0,0,1,0,1
576,4,5,7,5,1,4,3,4,5,6,4,4,190,1,0,0,0,0,1,0,0,0,0,0,0,1,1,1,0,1,1,1,0,32,1,1,0,0,1,0,1
577,4,7,7,5,7,5,2,4,5,6,6,6,160,1,0,0,0,0,0,1,0,0,0,0,0,1,0,1,0,0,0,1,1,30,0,1,0,0,0,0,1
578,5,4,3,1,5,3,4,1,3,5,3,3,190,1,0,0,0,0,0,0,0,0,1,0,0,0,0,0,0,0,1,0,0,34,1,1,0,0,0,1,2
579,6,5,6,4,7,4,3,2,2,6,5,5,260,0,0,0,1,0,0,0,0,0,0,0,0,1,0,0,0,0,1,0,1,32,1,0,0,1,0,0,1
580,3,5,2,6,2,4,4,5,1,4,2,4,330,0,0,0,0,0,0,0,0,1,0,0,0,0,1,0,1,1,0,1,0,33,1,1,0,0,1,0,3
581,4,6,2,7,2,3,7,5,1,5,2,4,210,1,0,0,0,0,0,0,0,1,0,0,0,0,0,0,1,0,1,0,1,36,0,1,0,0,1,0,3
582,6,4,7,4,5,4,5,4,5,5,5,5,180,0,0,0,0,0,1,0,0,0,0,0,0,0,0,1,0,0,1,1,0,25,1,0,0,0,1,0,1
583,2,4,4,3,3,4,3,4,3,1,2,3,140,0,0,0,0,0,0,0,0,0,0,1,0,1,0,1,0,0,1,0,0,40,1,1,0,1,0,0,2
584,2,4,5,4,4,3,3,2,3,3,3,4,270,0,0,0,0,0,1,0,0,0,0,0,0,1,0,1,0,0,1,1,0,39,1,1,0,0,0,1,2
585,3,6,4,5,3,4,5,4,3,6,4,5,240,1,0,0,0,0,0,0,1,0,0,0,0,1,0,1,0,0,1,1,0,35,0,1,0,0,0,0,1
586,4,4,6,4,4,3,1,1,4,5,3,3,140,1,0,0,0,1,0,0,0,0,0,0,0,0,0,0,0,0,1,0,0,35,0,1,0,0,1,0,2
587,3,2,4,1,4,3,4,3,5,2,3,3,200,1,0,0,1,0,0,0,0,0,0,0,0,0,0,0,0,0,1,0,1,43,0,0,0,0,1,0,2
588,4,5,6,5,4,6,5,5,4,5,6,4,190,1,0,0,0,0,0,1,0,0,0,0,0,1,1,1,0,0,0,0,1,31,1,0,0,0,0,0,1
589,3,4,5,4,4,3,3,3,5,3,3,4,150,1,0,0,0,0,0,1,0,0,0,0,0,1,0,1,0,0,1,1,0,38,0,1,0,1,0,0,2
590,3,5,2,5,2,3,4,4,3,1,1,3,200,0,0,0,0,0,0,0,0,0,0,0,1,0,0,0,0,0,1,0,1,43,1,0,0,0,0,1,3
591,4,6,2,5,2,3,7,4,4,2,1,4,310,0,1,0,0,0,0,0,0,1,0,0,0,0,1,0,1,0,1,0,1,42,0,0,0,0,0,1,3
592,4,5,5,5,4,6,7,4,3,4,4,5,180,1,0,0,0,0,0,0,1,0,0,0,0,1,0,1,0,0,1,1,1,33,0,1,0,0,0,1,1
593,3,4,2,7,2,4,4,5,3,4,2,4,180,0,0,0,0,0,0,0,0,0,0,0,0,0,1,1,0,0,1,0,0,41,0,1,0,1,0,0,3
594,5,2,5,3,3,6,2,5,4,5,6,6,150,0,0,0,0,0,0,1,0,0,0,0,0,1,0,0,0,0,0,1,0,24,0,1,0,0,0,1,1
595,3,5,5,2,4,3,3,2,5,3,4,4,170,1,0,0,0,1,0,0,0,0,0,0,0,0,0,0,0,0,1,0,0,40,0,0,0,0,0,1,2
596,6,4,3,7,2,4,7,6,4,5,3,3,220,1,0,0,0,0,0,0,0,1,0,0,0,0,1,0,1,1,1,0,0,40,0,0,0,0,0,1,3
597,3,1,4,2,3,3,4,3,2,3,3,3,170,1,0,0,0,0,0,1,0,0,0,0,0,0,0,0,0,0,1,0,1,39,0,1,0,1,0,0,2
598,3,1,4,5,3,3,4,3,3,7,4,5,270,1,0,0,1,0,0,0,0,0,0,0,0,0,0,0,0,0,1,0,0,39,0,1,0,0,0,1,1
599,3,2,5,3,4,3,3,1,6,3,3,3,170,0,0,0,0,0,0,0,0,0,0,1,0,1,1,1,0,1,1,1,0,40,1,1,0,0,1,0,2
600,4,5,4,4,3,4,3,4,6,7,3,5,230,1,0,0,1,0,0,0,0,0,0,0,0,1,1,1,0,1,1,1,0,39,0,1,0,0,1,0,1
601,2,6,5,2,4,3,4,1,5,3,3,3,240,0,0,0,0,0,0,0,0,0,0,0,1,1,1,1,0,1,1,1,1,45,0,1,0,0,1,0,2
602,4,5,4,3,3,3,3,3,5,3,3,3,190,1,0,0,1,0,0,0,0,0,0,0,0,0,0,0,0,0,1,0,1,41,1,0,0,0,1,0,2
603,4,5,5,2,4,3,4,2,4,4,3,3,140,1,0,0,0,1,0,0,0,0,0,0,0,0,0,0,0,0,1,0,0,39,1,1,0,1,0,0,2
604,4,5,4,5,3,5,5,4,3,5,3,6,270,1,0,0,0,0,0,0,1,0,0,0,0,1,0,1,0,1,1,1,1,34,0,1,0,0,0,0,1
605,4,6,5,3,4,3,3,3,5,3,4,3,190,1,0,0,0,0,0,0,0,0,0,0,0,0,0,0,0,0,1,0,1,41,0,1,0,0,1,0,2
606,3,3,1,6,2,4,5,6,1,3,1,4,200,0,0,0,0,0,0,0,0,1,0,0,0,0,1,0,1,1,1,1,0,38,0,1,0,0,1,0,3
607,3,5,7,5,5,7,7,4,3,7,4,7,210,1,0,0,0,0,0,0,0,1,0,0,0,1,0,1,0,1,0,1,0,32,0,1,0,0,0,0,1
608,5,6,5,5,3,5,7,4,3,7,5,7,310,1,1,0,0,0,0,0,0,1,0,0,0,1,0,1,0,1,1,0,1,36,0,0,0,0,0,1,1
609,7,5,2,4,3,1,3,2,4,3,2,4,250,0,0,0,0,0,0,0,0,0,1,0,0,0,0,0,0,0,1,0,1,39,0,1,0,0,1,0,2
610,3,4,5,4,4,3,4,4,3,4,3,5,200,0,0,0,0,0,0,0,0,0,0,0,1,1,0,0,0,1,1,1,1,41,0,0,0,0,1,0,2
611,4,6,3,5,2,3,4,5,1,4,3,4,310,0,0,0,0,0,0,0,0,1,0,0,0,0,1,0,1,1,1,0,0,37,1,1,0,0,0,0,3
612,5,4,7,2,6,5,5,2,5,6,4,4,190,1,0,0,0,0,0,0,0,0,0,1,0,1,0,1,0,0,1,1,0,30,1,1,0,1,0,0,1
613,6,5,3,5,3,2,3,3,3,3,2,3,150,1,0,0,0,0,0,1,0,0,0,0,0,1,0,0,0,0,1,0,0,40,1,1,1,0,0,0,2
614,4,5,7,4,5,3,5,1,3,5,5,5,200,0,0,0,0,0,0,0,0,0,0,0,0,1,0,1,0,0,1,0,0,34,0,1,0,1,0,0,1
615,4,5,2,4,2,4,4,5,2,5,4,3,230,1,0,0,0,0,0,0,0,1,0,0,0,0,1,0,1,0,1,0,1,36,1,1,0,0,0,0,3
616,3,4,4,4,3,3,3,3,3,3,2,4,180,0,0,0,0,0,0,0,1,0,0,0,0,1,0,0,0,0,1,0,1,40,0,1,0,1,0,0,2
617,6,7,1,4,1,3,7,7,3,1,1,3,380,1,1,0,0,0,0,0,0,0,0,0,1,1,1,0,1,1,0,1,1,34,0,1,0,0,0,0,3
618,3,2,5,3,4,3,4,2,4,4,3,3,150,1,0,0,0,0,0,0,0,0,0,1,0,1,1,0,1,1,1,1,0,38,1,1,0,1,0,0,2
619,5,4,6,5,4,4,5,5,5,5,5,4,210,0,0,0,0,0,1,0,0,0,0,0,0,1,1,1,1,1,1,1,1,32,0,1,0,0,1,0,1
620,3,2,5,1,4,3,4,2,4,3,4,3,140,0,0,0,0,0,0,0,0,0,0,1,0,0,1,0,0,1,1,1,0,37,0,1,0,1,0,0,2
621,3,3,2,1,3,3,3,4,6,2,2,4,300,0,0,0,1,0,0,0,0,0,0,0,0,1,1,0,1,1,1,1,1,42,0,0,0,0,1,0,2
622,5,5,5,1,3,5,4,4,3,6,4,7,300,1,0,0,0,0,0,0,0,1,0,0,0,1,0,0,0,0,1,0,1,27,1,0,0,0,1,0,1
623,3,4,4,5,3,6,4,7,4,5,6,6,190,1,0,0,0,0,0,1,0,0,0,0,0,1,0,1,1,0,0,1,1,26,1,0,0,0,0,1,1
624,2,1,3,7,3,3,3,3,5,2,3,3,170,0,0,0,1,0,0,0,0,0,0,0,0,1,0,0,0,1,1,0,1,40,0,0,0,0,1,0,2
625,6,5,4,3,3,2,3,3,3,5,3,3,190,1,0,0,0,0,0,0,0,0,0,0,1,0,0,0,0,0,1,0,0,40,1,1,0,1,0,0,2
626,5,4,6,4,5,4,5,5,6,4,5,5,140,1,0,0,0,1,0,0,0,0,0,0,0,1,1,1,0,0,1,0,1,30,0,1,0,1,0,0,1
627,4,4,4,6,3,4,3,3,1,3,4,4,260,1,0,0,0,1,0,0,0,0,0,0,0,1,0,0,0,1,1,0,0,39,0,1,0,0,1,0,3
628,3,4,3,3,3,2,3,2,4,2,1,4,190,0,0,0,0,0,0,0,1,0,0,0,0,0,0,0,0,0,1,0,0,42,1,1,0,0,1,0,2
629,5,6,4,5,3,4,7,4,3,7,5,5,270,1,0,0,0,0,0,0,0,1,0,0,0,1,0,1,1,1,1,1,0,37,1,0,0,0,0,1,1
630,2,4,3,5,3,5,5,5,3,3,3,4,160,0,1,0,0,0,0,0,0,0,0,0,1,1,1,0,1,0,1,0,0,36,1,0,0,0,0,0,3
631,3,3,4,2,3,4,3,4,4,2,3,3,150,1,0,0,0,0,0,0,0,0,0,1,0,0,0,0,0,0,1,0,0,41,0,0,0,0,1,0,2
632,6,7,4,1,3,4,4,4,2,5,3,5,190,1,0,0,0,0,0,1,0,0,0,0,0,1,1,0,1,1,1,1,0,36,1,1,0,0,0,1,1
633,7,7,5,2,4,3,4,2,2,6,4,4,240,1,0,0,0,0,0,0,0,0,0,0,0,0,1,0,0,1,1,1,0,38,0,1,0,0,1,0,1
634,4,6,3,5,3,1,4,1,1,3,1,4,240,1,0,0,0,0,0,0,0,0,1,0,0,0,1,0,0,1,1,1,1,37,1,1,0,0,1,0,2
635,4,3,4,5,3,5,5,4,3,6,4,6,250,1,0,0,0,0,0,0,0,0,1,0,0,1,0,0,1,0,1,0,0,31,0,0,0,0,0,1,1
636,6,3,1,5,2,1,3,3,3,2,1,4,240,0,0,0,0,0,0,0,0,0,1,0,0,0,0,0,0,0,1,0,1,38,0,1,0,0,1,0,2
637,1,6,6,1,4,4,1,1,3,1,3,4,170,0,0,0,0,1,0,0,0,0,0,0,0,1,1,0,1,1,1,0,1,44,0,0,0,0,1,0,2
638,7,7,4,7,4,2,3,2,2,4,3,4,180,0,0,0,0,0,0,0,0,0,0,0,1,0,1,0,0,0,1,0,1,42,1,0,0,0,0,1,2
639,3,2,5,3,4,3,3,1,3,3,3,4,270,0,0,0,0,0,0,0,0,0,0,0,1,0,0,0,0,0,1,0,1,40,1,0,0,0,1,0,2
640,5,3,3,5,2,4,7,6,2,5,4,3,220,0,0,0,0,0,0,0,0,1,0,0,0,1,1,0,1,1,1,1,1,39,0,1,0,0,0,0,3
641,4,3,4,5,3,5,7,4,3,6,5,6,200,1,0,0,0,0,0,0,0,0,1,0,0,1,0,1,1,1,0,1,1,34,0,0,0,0,0,1,1
642,4,6,5,4,4,3,3,3,4,3,3,4,260,1,0,1,0,0,0,0,0,0,0,0,0,0,0,0,0,0,1,0,1,39,0,0,0,0,1,0,2
643,6,4,7,5,5,5,7,4,3,7,4,6,180,1,0,0,0,0,0,0,0,0,1,0,0,1,0,1,1,1,0,1,1,34,0,0,0,0,1,0,1
644,5,5,1,7,2,4,7,7,1,5,3,5,320,1,0,0,0,0,0,0,0,1,0,0,0,1,1,0,1,1,0,1,0,34,0,1,0,0,0,0,3
645,2,7,4,4,3,6,4,4,3,7,5,7,240,1,0,0,0,0,0,0,0,0,1,0,0,1,0,1,1,1,1,1,1,31,1,0,0,0,0,0,1
646,6,3,7,4,3,4,4,4,2,4,3,5,170,1,0,0,0,1,0,0,0,0,0,0,0,1,0,0,1,1,1,1,0,40,1,1,0,1,0,0,1
647,4,4,7,5,4,3,3,3,4,4,3,3,180,0,0,0,0,0,1,0,0,0,0,0,0,0,0,0,0,0,1,0,0,32,0,1,0,0,1,0,2
648,4,5,6,2,5,4,5,3,4,5,5,4,150,0,0,0,0,0,0,0,0,0,0,0,0,1,0,1,0,1,1,0,0,33,0,0,0,1,0,0,1
649,5,5,3,5,4,5,7,4,3,7,4,5,280,1,1,0,0,0,0,0,0,0,1,0,0,1,0,1,1,1,0,1,1,36,1,0,0,0,1,0,1
650,6,5,4,5,5,4,5,3,6,5,5,4,100,1,0,0,0,0,0,1,0,0,0,0,0,1,0,1,1,0,1,0,1,31,1,1,0,1,0,0,1
651,3,4,1,3,2,3,4,1,3,3,4,4,180,0,0,0,0,0,0,1,0,0,0,0,0,1,0,0,1,0,1,1,0,39,0,1,0,1,0,0,2
652,4,6,6,5,7,6,7,3,3,4,4,5,220,0,0,0,0,1,0,0,0,0,0,0,0,0,1,1,1,1,1,0,0,31,1,1,0,1,0,0,1
653,5,6,5,5,2,5,4,4,3,7,5,7,280,1,0,0,0,0,0,0,0,0,1,0,0,1,0,1,0,1,1,1,1,31,1,0,0,0,0,0,1
654,5,5,6,5,3,4,5,3,5,5,5,5,210,0,0,0,0,0,0,0,0,0,1,0,0,1,0,1,0,0,1,0,1,28,1,1,0,0,1,0,1
655,2,4,1,4,4,5,2,4,2,4,3,3,210,1,0,0,0,0,0,0,0,1,0,0,0,1,1,0,1,1,1,1,0,37,1,1,0,0,0,0,2
656,4,4,5,4,3,4,3,3,3,3,4,4,190,0,0,0,0,0,0,0,0,0,0,1,0,1,0,0,0,0,1,0,0,39,0,1,0,0,0,1,2
657,4,6,1,7,1,4,7,5,1,5,3,3,200,0,0,0,0,0,0,0,0,1,0,0,0,1,1,0,0,1,1,0,0,42,1,1,0,0,0,0,3
658,4,6,5,4,1,4,4,4,3,7,5,5,240,1,1,0,0,0,0,0,0,0,1,0,0,1,0,1,1,1,0,1,1,36,1,0,0,0,1,0,1
659,4,4,2,2,3,2,3,1,5,3,3,4,160,0,0,0,0,0,0,1,0,0,0,0,0,1,1,0,1,1,1,1,0,39,1,1,0,0,0,1,2
660,4,7,5,5,1,4,7,4,1,6,3,4,250,1,1,0,0,0,0,0,0,1,0,0,0,1,0,0,0,1,1,0,1,37,1,0,0,0,0,0,3
661,2,1,4,1,3,3,3,3,4,3,4,3,110,0,0,0,0,0,0,1,0,0,0,0,0,1,0,0,0,0,1,0,1,34,0,1,0,0,1,0,2
662,3,4,4,4,5,3,4,4,5,3,3,5,200,0,0,0,0,0,0,0,1,0,0,0,0,1,1,0,1,1,1,1,0,39,1,1,0,0,0,1,2
663,6,6,7,6,7,3,5,2,5,5,5,4,160,0,0,0,0,0,0,0,0,0,1,0,0,1,0,1,0,0,1,0,1,25,1,1,0,1,0,0,1
664,3,3,5,2,7,4,4,3,4,3,4,4,220,0,0,0,0,1,0,0,0,0,0,0,0,1,0,0,0,1,1,0,1,40,1,1,0,1,0,0,2
665,6,7,7,5,7,5,7,4,5,5,5,5,230,1,0,0,0,0,1,0,0,0,0,0,0,1,1,1,1,1,0,0,0,27,1,1,0,1,0,0,1
666,1,4,3,4,1,5,5,5,2,4,4,3,170,1,0,0,0,0,0,0,0,1,0,0,0,1,1,0,1,1,1,1,0,39,0,1,0,0,0,0,3
667,4,4,7,4,6,7,7,4,4,7,4,6,210,1,0,0,0,0,0,0,0,0,1,0,0,1,0,1,1,1,1,1,1,36,1,0,0,0,0,0,1
668,3,5,4,5,3,4,5,4,3,6,4,5,240,1,0,0,0,0,0,0,0,0,1,0,0,1,0,1,1,1,0,1,0,35,0,0,0,0,0,0,1
669,3,6,1,7,1,3,7,6,3,2,1,4,240,0,0,0,0,0,0,0,0,1,0,0,0,1,0,0,0,0,1,0,1,36,0,1,0,0,0,0,3
670,2,4,3,4,2,3,4,4,3,4,3,4,170,0,0,0,1,0,0,0,0,0,0,0,0,1,1,0,0,0,1,0,0,43,1,0,0,0,1,0,2
671,4,5,5,5,4,5,7,4,3,6,5,5,210,1,1,0,0,0,0,0,0,0,1,0,0,1,0,1,1,1,1,0,0,37,1,0,0,0,0,0,1
672,3,5,5,5,3,3,4,4,5,7,3,6,280,0,0,1,0,0,0,0,0,0,0,0,0,1,0,0,0,1,1,0,1,40,0,1,0,0,1,0,1
673,2,3,3,3,3,3,3,3,6,2,2,3,170,0,0,0,0,0,0,0,0,0,0,1,0,1,1,0,1,1,1,0,0,43,0,1,0,0,1,0,2
674,6,5,7,5,6,5,7,4,5,5,5,5,200,1,0,0,0,0,0,0,0,0,1,0,0,0,1,1,1,1,0,0,0,25,1,1,0,1,0,0,1
675,4,4,7,4,6,3,4,3,6,3,3,5,160,0,0,0,0,0,1,0,0,0,0,0,0,1,1,0,1,1,1,1,0,32,0,1,0,0,0,1,2
676,7,5,3,5,3,1,3,1,6,3,3,4,280,0,0,0,0,0,0,0,0,0,1,0,0,0,0,0,0,0,1,0,1,39,0,1,0,0,1,0,2
677,2,2,5,1,4,3,3,2,6,3,4,3,110,0,0,0,0,0,0,1,0,0,0,0,0,0,0,0,0,0,1,0,0,34,0,1,0,1,0,0,2
678,5,6,3,6,3,4,7,5,1,2,2,3,320,0,0,0,0,0,0,0,0,1,0,0,0,1,1,0,0,0,1,0,0,41,0,0,0,0,0,0,3
679,5,5,4,5,3,2,3,2,6,3,3,3,150,0,0,0,0,1,0,0,0,0,0,0,0,1,1,0,1,1,1,1,0,39,0,0,0,1,0,0,2
680,3,4,5,4,4,3,3,1,1,3,3,3,260,0,0,0,0,1,0,0,0,0,0,0,0,1,1,1,1,1,1,1,0,40,1,1,0,0,0,1,2
681,4,6,5,4,3,5,4,4,3,6,5,6,240,1,0,0,0,0,0,0,0,0,1,0,0,1,0,1,1,1,0,1,1,31,1,1,0,0,1,0,1
682,5,4,5,3,4,2,3,2,1,4,4,3,290,0,0,0,0,0,0,0,0,0,1,0,0,0,0,0,0,0,1,0,1,32,0,1,0,0,1,0,2
683,2,7,2,7,2,3,3,5,3,1,2,3,200,1,1,0,0,0,0,0,0,1,0,0,0,0,0,0,0,0,1,0,1,43,0,0,0,0,0,0,3
684,2,4,5,4,4,3,4,2,6,3,2,4,220,0,0,0,0,0,0,0,1,0,0,0,0,1,0,0,1,0,1,0,0,41,0,1,0,0,0,1,2
685,3,3,4,4,3,3,4,2,3,3,2,4,200,0,0,0,0,0,0,0,0,0,0,0,1,1,1,0,1,1,1,1,1,44,1,1,0,0,0,1,2
686,3,3,2,5,2,3,4,5,1,1,1,3,210,1,0,0,0,0,0,0,0,1,0,0,0,1,1,0,1,1,1,1,1,42,0,1,0,0,0,0,3
687,5,4,2,7,2,3,7,5,1,3,2,4,200,0,0,0,0,0,0,0,0,1,0,0,0,1,0,0,1,1,1,1,0,39,1,1,0,0,1,0,3
688,4,6,6,3,4,6,3,5,2,5,7,6,170,1,0,0,0,0,0,0,0,0,0,0,0,0,1,1,1,0,0,1,1,29,1,1,0,0,0,0,1
689,2,6,2,4,2,4,3,5,1,4,2,4,340,1,1,0,0,0,0,0,0,1,0,0,0,0,0,0,0,0,1,0,1,43,1,0,0,0,0,0,3
690,5,6,3,5,2,4,7,7,2,5,4,5,370,1,0,0,0,0,0,0,0,0,1,0,0,0,0,0,0,0,1,0,1,35,0,1,0,0,1,0,3
691,3,3,1,5,1,3,4,6,2,3,2,4,330,1,1,0,0,0,0,0,0,0,1,0,0,1,1,0,1,1,1,1,1,35,1,1,0,0,1,0,3
692,6,3,4,5,4,2,3,2,3,4,4,4,220,0,0,0,0,0,1,0,0,0,0,0,0,1,1,0,1,1,1,1,0,34,0,1,0,1,0,0,2
693,2,3,4,1,3,3,4,3,4,2,3,3,130,0,0,0,0,0,0,1,0,0,0,0,0,1,1,0,1,1,1,1,0,36,0,1,0,0,1,0,2
694,3,3,5,5,3,6,4,5,3,5,6,4,250,1,0,0,0,0,0,0,0,0,0,1,0,1,1,1,1,0,0,1,1,30,1,1,0,0,0,1,1
695,2,3,3,4,2,5,4,6,4,4,3,4,200,0,0,0,0,0,0,0,0,0,1,0,0,1,1,0,0,0,1,0,0,43,0,1,0,0,0,0,3
696,6,5,4,5,3,4,7,4,3,6,4,5,210,1,0,0,0,0,0,0,0,0,1,0,0,1,0,1,1,1,0,1,0,35,1,1,0,0,0,0,1
697,3,6,1,5,1,3,4,5,2,3,2,4,170,1,0,0,0,0,0,0,0,0,1,0,0,0,0,0,0,0,1,0,0,33,0,1,0,0,1,0,3
698,3,4,5,5,4,3,4,4,3,4,4,5,200,0,0,0,0,0,0,0,1,0,0,0,0,0,1,0,0,0,1,0,1,42,0,1,0,1,0,0,2
699,3,3,2,4,2,4,4,6,1,4,3,3,190,0,0,0,0,0,0,0,0,0,0,0,1,1,0,0,1,0,1,0,1,36,0,1,0,0,1,0,3
700,4,3,5,2,3,6,3,6,3,5,6,6,240,1,0,0,0,0,0,0,0,0,0,1,0,1,0,1,1,0,0,1,0,27,0,1,0,0,0,1,1
701,6,5,4,5,3,2,3,3,3,4,3,4,190,0,0,0,0,0,0,0,0,0,0,0,0,0,0,0,0,0,1,0,1,43,1,1,0,0,1,0,2
702,4,6,4,4,3,4,4,4,4,6,5,4,210,1,0,0,0,0,0,0,0,0,0,1,0,1,1,1,1,0,0,1,1,30,1,1,0,0,0,0,1
703,5,5,6,5,4,5,7,4,3,7,4,7,250,1,0,0,0,0,0,0,0,0,1,0,0,1,0,1,1,1,0,1,0,25,0,1,0,0,0,0,1
704,5,5,3,5,3,4,4,5,5,2,3,3,220,0,0,0,0,1,0,0,0,0,0,0,0,1,1,0,1,1,1,1,1,41,0,0,0,0,1,0,3
705,5,6,6,5,4,6,7,4,3,7,4,7,190,1,0,0,0,0,0,0,0,0,1,0,0,1,0,1,1,0,1,0,0,33,0,0,0,0,0,1,1
706,2,5,1,4,4,3,4,4,3,4,2,3,190,1,0,0,0,0,0,0,0,0,0,0,1,1,1,0,0,1,1,1,0,39,0,0,0,0,0,1,2
707,3,4,4,4,1,3,4,3,4,3,2,4,250,0,0,0,0,0,0,0,1,0,0,0,0,1,1,0,1,1,1,1,0,39,1,1,0,0,1,0,2
708,6,7,4,7,3,2,4,3,6,4,3,4,230,0,0,0,1,0,0,0,0,0,0,0,0,1,1,0,1,1,1,1,1,43,0,1,0,0,1,0,2
709,3,2,5,1,3,4,4,3,3,2,4,3,230,0,0,0,0,0,0,0,0,0,0,0,0,0,0,0,0,0,1,0,1,41,0,1,0,0,1,0,2
710,5,6,4,5,1,4,4,5,1,5,4,5,220,0,1,0,0,0,0,0,0,0,1,0,0,1,1,0,1,1,1,0,1,42,0,0,0,0,0,1,3
711,3,4,3,4,5,2,3,2,6,2,1,3,260,0,0,0,0,0,0,0,0,0,0,0,1,1,1,0,1,1,1,1,1,43,1,1,0,0,1,0,2
712,6,5,3,5,6,2,3,3,3,3,2,4,240,0,0,1,0,0,0,0,0,0,0,0,0,1,1,0,1,1,1,1,1,41,1,0,0,0,1,0,2
713,2,4,2,5,3,4,4,5,3,4,2,4,310,1,0,0,0,0,0,0,0,0,1,0,0,1,1,0,1,0,1,1,0,35,0,1,0,0,1,0,3
714,4,6,4,4,4,4,4,4,3,7,4,4,280,1,1,0,0,0,0,0,0,0,1,0,0,1,0,0,0,1,1,0,0,34,0,0,0,0,1,0,1
715,7,6,3,5,4,1,3,2,6,3,3,4,250,0,0,0,0,0,0,0,0,0,1,0,0,0,0,0,0,0,1,0,0,33,0,1,0,0,1,0,2
716,3,5,3,4,7,4,3,4,3,5,4,5,210,0,0,0,0,0,0,0,0,0,0,0,0,1,1,0,1,1,1,1,0,39,0,0,0,1,0,0,1
717,4,3,6,3,3,6,3,4,5,5,7,4,210,0,0,0,0,0,0,0,0,0,0,1,0,1,1,1,1,0,0,1,1,25,0,1,0,1,0,0,1
718,2,3,4,3,6,3,3,4,4,3,4,4,150,0,0,0,0,0,0,1,0,0,0,0,0,1,0,0,1,0,1,1,1,34,0,1,0,0,1,0,2
719,3,4,2,4,4,3,2,5,1,3,2,3,200,1,0,0,0,0,0,0,0,0,1,0,0,1,1,0,0,1,1,0,1,38,1,1,0,0,0,0,2
720,6,4,3,3,5,2,5,4,5,5,4,5,180,1,0,0,0,0,0,0,0,0,0,1,0,1,0,1,0,1,1,0,1,35,0,1,0,1,0,0,2
721,4,6,7,5,3,6,5,4,3,6,5,6,210,1,0,0,0,0,0,0,0,0,1,0,0,1,0,0,0,0,1,0,1,33,0,1,0,0,0,0,1
722,4,4,6,3,5,3,3,1,4,4,4,4,160,0,0,0,0,0,0,1,0,0,0,0,0,0,0,0,0,0,1,0,1,34,0,1,0,1,0,0,2
723,5,5,3,4,5,4,5,3,4,5,5,5,220,0,0,0,0,1,0,0,0,0,0,0,0,0,1,1,1,1,1,0,1,35,1,1,0,1,0,0,1
724,6,5,7,5,5,3,5,3,5,5,5,4,190,0,0,0,0,0,0,0,0,0,1,0,0,1,1,1,1,1,0,0,0,25,1,1,0,0,0,1,1
725,4,5,5,5,3,5,4,4,3,5,4,6,350,1,1,0,0,0,0,0,0,0,0,1,0,1,0,1,0,0,1,0,1,35,1,0,0,0,1,0,1
726,4,4,6,4,4,3,3,2,3,4,4,4,210,0,0,0,0,1,0,0,0,0,0,0,0,0,0,0,0,0,1,0,1,39,0,1,0,1,0,0,2
727,4,6,4,4,3,5,3,4,3,6,4,6,220,1,0,0,0,0,0,0,0,0,0,1,0,1,0,1,1,1,1,1,1,33,1,1,0,0,0,0,1
728,4,5,6,5,5,4,5,2,3,5,5,4,210,1,0,0,0,0,0,0,0,0,0,1,0,1,1,1,1,1,0,0,0,29,0,1,0,0,1,0,1
729,6,5,2,4,3,2,3,3,4,3,3,4,150,0,0,0,0,0,0,1,0,0,0,0,0,0,0,0,0,0,1,0,1,35,1,1,0,1,0,0,2
730,6,6,3,6,3,1,3,1,2,3,2,4,230,0,0,0,0,0,0,0,0,0,1,0,0,1,1,0,1,1,1,1,0,41,0,1,0,0,0,1,2
731,6,4,1,3,4,3,3,2,3,5,3,4,280,0,0,0,0,0,0,0,0,0,0,0,0,1,0,0,1,0,1,1,1,36,1,1,0,0,1,0,2
732,3,3,1,1,5,4,2,1,3,2,3,3,200,0,0,0,0,1,0,0,0,0,0,0,0,1,1,0,1,1,1,1,1,38,1,0,0,0,1,0,2
733,1,5,3,7,2,5,5,7,2,5,2,4,250,0,1,0,0,0,0,0,0,0,1,0,0,1,1,0,1,1,1,0,1,45,1,0,0,0,1,0,3
734,3,6,1,5,2,3,3,5,1,3,1,3,220,1,0,0,0,0,0,0,0,0,1,0,0,0,1,0,0,0,1,0,1,34,1,1,0,0,0,1,3
735,5,6,1,6,3,1,3,1,2,3,1,4,180,0,0,0,0,0,0,0,1,0,0,0,0,0,0,0,0,1,1,0,1,40,1,1,0,0,1,0,2
736,4,5,1,5,4,6,2,4,3,5,7,4,190,1,0,0,0,0,0,0,0,0,0,1,0,1,1,1,1,0,0,1,1,27,1,0,0,0,0,0,1
737,5,5,1,5,3,5,2,5,2,5,6,4,190,1,0,0,0,0,0,0,0,0,0,1,0,1,1,1,1,0,0,0,1,31,1,0,0,0,0,0,1
738,3,4,3,4,3,3,3,3,3,2,2,4,170,1,0,0,0,0,0,0,0,0,0,0,0,1,1,0,1,1,1,1,1,40,1,0,0,0,1,0,2
739,5,5,5,5,3,2,3,2,2,3,2,4,270,0,0,0,0,0,0,0,0,0,0,0,1,1,0,0,1,0,1,1,0,40,1,1,0,0,1,0,2
740,5,5,3,5,3,1,3,2,3,3,2,4,130,0,0,0,0,0,0,0,1,0,0,0,0,1,1,0,1,1,1,1,0,40,0,1,1,0,0,0,2
741,2,4,1,5,1,4,5,7,3,4,2,3,340,0,1,0,0,0,0,0,0,0,1,0,0,0,1,0,0,1,1,0,0,41,0,0,0,0,0,0,3
742,3,2,3,2,3,3,3,4,5,2,2,3,240,1,0,0,1,0,0,0,0,0,0,0,0,1,1,0,1,1,1,1,1,39,0,0,0,0,1,0,2
743,4,4,6,4,1,4,3,3,3,3,3,4,260,1,0,0,0,0,0,0,0,1,0,0,0,1,1,0,1,1,1,1,1,40,0,0,0,0,1,0,2
744,5,4,5,4,5,3,3,2,6,4,4,3,160,0,0,0,0,0,0,1,0,0,0,0,0,0,0,0,0,0,1,0,0,33,1,1,0,0,0,1,2
745,3,4,3,4,5,4,3,4,1,5,4,5,220,1,0,0,1,0,0,0,0,0,0,0,0,1,0,0,1,1,1,1,1,40,0,0,0,1,0,0,1
746,6,5,5,4,7,4,5,4,2,5,5,5,260,0,0,0,0,0,0,0,0,0,1,0,0,1,0,1,0,0,1,0,0,25,0,1,0,0,1,0,1
747,6,5,7,5,5,6,5,4,3,5,6,6,190,1,0,0,0,0,0,0,0,0,0,1,0,1,0,0,0,0,1,0,1,25,0,1,0,0,0,0,1
748,6,5,5,5,6,3,3,2,2,5,4,4,260,0,0,0,0,0,0,0,0,0,1,0,0,1,0,0,1,0,1,1,0,34,0,1,0,0,0,1,1
749,3,5,3,4,6,3,3,4,1,4,3,5,190,0,0,0,0,0,0,0,1,0,0,0,0,1,1,0,1,1,1,1,0,40,0,1,0,1,0,0,2
750,4,5,4,5,5,4,5,4,3,6,5,4,150,1,0,0,0,0,0,1,0,0,0,0,0,1,1,1,1,0,0,1,1,27,0,1,0,1,0,0,1
751,4,3,6,1,2,3,4,1,4,4,3,3,200,0,0,0,0,0,0,0,0,0,1,0,0,0,0,0,0,0,1,0,0,33,1,1,0,0,1,0,2
752,2,3,3,3,7,3,3,3,4,2,3,4,170,0,0,0,0,0,0,1,0,0,0,0,0,1,1,0,1,1,1,1,1,41,0,1,0,0,1,0,2
753,7,6,6,4,5,5,5,4,3,7,6,7,240,1,0,0,0,0,0,0,0,0,0,0,1,1,0,1,1,1,0,1,1,25,1,1,0,0,0,0,1
754,5,5,3,5,7,4,5,3,3,6,5,6,230,1,0,1,0,0,0,0,0,0,0,0,0,1,0,1,0,1,1,0,1,33,1,1,0,0,0,1,1
755,5,5,3,5,4,2,3,2,2,3,2,4,230,0,0,0,0,0,0,0,0,1,0,0,0,1,1,0,1,1,1,0,0,43,0,0,0,0,1,0,2
756,4,5,4,4,1,5,4,4,3,6,6,6,250,1,1,0,0,0,0,0,0,0,0,0,1,1,0,1,1,1,1,1,1,33,1,0,0,0,0,0,1
757,4,5,2,5,1,4,5,6,2,4,3,3,310,1,1,0,0,0,0,0,0,0,1,0,0,0,1,0,1,0,1,1,0,35,0,0,0,0,1,0,3
758,3,2,3,1,2,2,3,2,6,2,3,3,140,1,0,0,0,0,0,1,0,0,0,0,0,0,0,0,0,0,1,0,0,41,0,1,0,0,1,0,2
759,5,5,4,6,5,7,3,5,3,5,7,4,230,1,0,0,0,0,0,1,0,0,0,0,0,1,1,1,1,0,0,1,0,25,1,1,0,1,0,0,1
760,4,3,5,3,4,4,3,3,4,4,4,4,150,0,0,0,1,0,0,0,0,0,0,0,0,1,1,0,1,1,1,0,0,45,1,0,0,0,1,0,2
761,4,6,6,5,4,6,5,4,3,7,5,5,240,1,0,0,0,0,0,0,0,0,0,0,1,1,0,0,0,0,1,0,1,31,1,1,0,0,1,0,1
762,5,1,7,2,7,5,5,2,4,5,4,4,220,1,0,0,0,0,0,0,0,1,0,0,0,1,0,1,0,1,1,0,1,33,0,1,0,0,0,1,1
763,3,6,4,3,4,3,3,2,4,3,3,3,210,1,0,0,0,0,0,1,0,0,0,0,0,0,1,0,0,1,1,1,1,37,0,1,0,1,0,0,2
764,3,1,3,1,3,2,2,3,6,2,3,3,190,1,0,0,0,0,0,1,0,0,0,0,0,1,0,0,1,0,1,1,1,33,1,1,0,1,0,0,2
765,3,4,4,4,3,3,3,3,4,2,2,4,220,1,0,0,0,0,0,0,1,0,0,0,0,1,1,0,0,0,1,0,0,41,0,0,0,1,0,0,2
766,4,3,5,4,4,4,3,4,4,4,4,4,210,0,0,0,0,0,1,0,0,0,0,0,0,0,1,0,0,1,1,1,0,37,1,1,0,0,1,0,2
767,4,6,7,5,5,4,5,1,3,5,5,4,220,1,0,0,0,0,0,0,0,0,0,0,1,1,1,1,1,1,1,0,1,31,0,1,0,0,1,0,1
768,4,2,4,6,4,7,2,7,3,5,6,4,170,0,0,0,0,0,0,0,1,0,0,0,0,1,1,1,1,0,0,1,0,25,1,1,0,1,0,0,1
769,3,6,5,4,4,6,3,7,3,5,6,4,200,1,0,0,0,0,0,0,1,0,0,0,0,1,0,1,1,0,0,0,0,24,1,1,0,0,0,1,1
770,4,5,5,6,4,3,3,4,4,3,3,3,170,1,0,0,0,0,0,0,0,0,0,1,0,1,0,0,1,0,1,1,0,34,0,1,0,1,0,0,2
771,4,5,6,7,4,6,4,6,2,5,6,4,240,0,0,0,0,0,0,0,1,0,0,0,0,1,1,1,1,0,0,1,1,24,1,1,0,0,0,0,1
772,4,5,7,2,5,4,4,1,4,4,3,3,210,0,0,0,0,0,0,0,0,0,1,0,0,0,0,0,0,0,1,0,0,33,1,1,0,0,1,0,2
773,5,3,6,5,4,5,3,3,3,5,6,4,160,0,0,0,0,0,0,0,0,1,0,0,0,1,1,1,1,0,0,1,1,25,1,1,0,0,0,0,1
774,6,7,4,5,3,4,5,4,3,6,4,7,230,1,0,0,0,0,0,0,0,0,0,0,1,1,0,0,1,1,1,1,1,34,0,1,0,0,1,0,1
775,3,3,3,4,3,2,3,3,4,2,1,4,180,1,0,0,0,0,0,1,0,0,0,0,0,1,1,0,1,1,1,1,0,42,1,1,0,0,0,1,2
776,5,2,4,1,4,2,3,2,3,4,3,3,230,1,0,0,0,0,1,0,0,0,0,0,0,0,0,0,0,0,1,0,0,34,0,1,0,0,1,0,2
777,4,6,4,3,3,3,3,3,1,3,3,4,250,0,0,0,0,0,0,0,0,0,0,1,0,1,0,0,1,1,1,1,1,40,0,1,0,0,1,0,2
778,4,3,4,3,5,7,3,5,2,5,7,4,240,1,0,0,0,0,0,0,0,1,0,0,0,1,0,0,1,0,0,0,1,25,0,1,0,0,0,1,1
779,2,5,5,5,3,6,4,4,3,7,4,6,280,1,1,0,0,0,0,0,0,0,0,0,1,1,0,0,1,1,1,1,1,37,0,0,0,0,0,1,1
780,3,4,2,4,2,4,5,4,1,5,4,4,220,0,1,0,0,0,0,0,0,0,0,1,0,0,1,0,1,1,1,1,1,41,1,0,0,0,0,1,3
781,6,6,3,5,3,5,5,4,3,6,4,7,280,1,0,0,0,0,0,0,0,0,0,0,1,1,0,0,1,1,0,1,1,27,1,1,0,0,0,0,1
782,3,4,2,4,2,3,3,5,1,1,1,3,210,0,0,0,0,0,0,0,0,0,0,1,0,0,1,0,1,1,0,1,0,40,0,1,0,0,1,0,3
783,5,4,7,3,5,4,5,3,5,5,5,5,270,0,0,0,0,0,1,0,0,0,0,0,0,0,0,1,0,0,1,0,1,28,0,1,0,0,1,0,1
784,4,6,6,1,4,4,5,4,3,7,6,6,250,1,0,0,0,0,0,0,0,0,0,0,0,1,0,0,0,1,1,1,1,25,0,1,0,0,0,0,1
785,5,6,4,3,3,2,3,4,3,5,4,5,220,0,0,0,0,0,0,0,0,0,1,0,0,0,0,0,0,0,1,0,1,32,0,1,0,0,1,0,2
786,3,3,3,6,3,4,2,1,1,2,2,4,170,0,0,0,0,0,0,0,0,0,0,1,0,1,1,0,1,1,1,1,0,39,1,1,0,0,0,1,2
787,2,5,2,7,2,3,3,5,1,3,2,4,320,0,1,0,0,0,0,0,0,0,0,1,0,0,1,0,0,0,1,0,1,39,1,1,0,0,0,0,3
788,5,4,7,2,5,4,5,2,3,5,5,5,210,0,0,0,0,0,0,0,0,0,0,0,1,1,0,1,1,0,1,1,0,32,0,1,0,0,0,1,1
789,3,4,5,4,4,6,3,6,4,5,7,6,160,1,0,0,0,0,0,0,0,1,0,0,0,1,0,1,1,1,0,1,1,25,1,1,0,0,0,0,1
790,2,5,5,4,3,3,3,4,3,4,3,4,260,0,0,1,0,0,0,0,0,0,0,0,0,0,0,0,0,0,1,0,0,46,1,0,0,0,1,0,2
791,3,5,4,2,3,6,5,6,3,5,6,4,200,0,0,0,0,0,0,0,0,1,0,0,0,0,1,1,1,0,0,1,1,30,1,1,0,0,0,0,1
792,4,5,5,7,4,7,4,5,3,4,4,5,230,1,0,0,0,0,0,0,0,0,0,0,0,1,0,0,1,1,1,1,1,32,1,1,0,0,0,0,1
793,4,5,5,5,3,2,4,4,3,7,6,6,230,1,0,0,0,0,0,0,0,0,0,0,0,1,0,0,0,0,1,0,1,35,0,1,0,0,1,0,1
794,2,3,5,4,3,2,2,4,5,7,3,5,130,1,0,0,0,0,0,1,0,0,0,0,0,0,0,0,0,0,1,0,0,33,0,1,0,0,1,0,2
795,6,6,7,7,5,1,3,1,2,5,3,4,210,0,0,0,0,0,1,0,0,0,0,0,0,1,1,0,1,1,1,1,0,33,1,1,0,0,1,0,2
796,3,5,3,5,3,4,2,4,4,5,3,5,220,0,0,0,0,0,0,0,0,1,0,0,0,1,1,0,0,0,1,0,0,42,0,1,0,0,1,0,2
797,6,4,6,4,4,6,5,1,3,5,5,5,190,1,0,0,0,0,0,0,0,1,0,0,0,0,0,1,0,0,1,0,1,33,1,0,0,0,1,0,1
798,4,5,4,2,3,7,5,4,5,6,6,4,210,0,0,0,0,0,0,0,0,1,0,0,0,1,1,1,1,0,0,0,1,29,0,1,0,0,0,0,1
799,3,5,5,2,3,7,5,6,4,5,6,6,250,0,0,0,0,0,0,0,0,1,0,0,0,1,1,1,1,0,0,1,1,29,0,1,0,0,0,0,1
800,1,2,4,2,3,3,3,3,4,2,3,3,150,0,0,0,0,1,0,0,0,0,0,0,0,1,1,1,1,1,1,0,0,45,1,1,0,0,0,1,2
801,4,6,2,5,2,4,5,6,2,4,3,4,310,1,1,0,0,0,0,0,0,0,0,0,1,0,1,0,1,1,1,1,1,37,0,0,0,0,0,1,3
802,3,4,5,4,4,3,4,2,3,3,3,4,240,1,0,0,0,0,0,0,0,0,1,0,0,1,0,1,1,0,1,1,0,34,0,1,0,0,1,0,2
803,3,5,5,5,3,6,5,3,2,6,5,4,160,0,0,0,0,0,0,0,0,1,0,0,0,1,1,1,1,1,0,0,1,24,1,1,0,1,0,0,1
804,2,6,3,5,2,4,5,4,1,5,2,4,160,0,0,0,0,0,0,0,0,0,0,0,1,0,1,0,1,1,1,1,1,44,1,1,0,0,1,0,3
805,3,4,5,4,3,6,5,6,4,5,6,4,220,0,0,0,0,0,0,0,0,1,0,0,0,1,1,1,1,1,0,1,1,29,1,1,0,0,0,0,1
806,3,5,4,6,3,3,3,4,4,2,2,3,210,0,0,0,0,1,0,0,0,0,0,0,0,1,1,0,0,0,1,0,1,44,0,1,0,0,1,0,2
807,4,4,5,3,4,4,3,4,5,3,3,3,250,1,0,0,0,0,1,0,0,0,0,0,0,0,0,0,0,0,1,0,1,35,0,1,0,0,1,0,2
808,2,2,4,1,3,3,2,3,5,2,3,3,200,0,0,0,0,0,0,1,0,0,0,0,0,0,0,0,0,0,1,0,0,39,1,1,0,0,1,0,2
809,4,6,6,5,4,6,5,4,3,7,6,6,250,1,0,0,0,0,0,0,0,0,0,0,0,1,0,0,0,1,1,1,1,34,1,0,0,0,1,0,1
810,3,5,3,4,2,4,3,4,1,6,4,4,340,1,1,0,0,0,0,0,0,0,0,0,1,0,1,0,1,1,1,1,1,39,0,0,0,0,0,0,3
811,2,3,2,4,2,4,3,4,1,4,4,4,330,1,1,0,0,0,0,0,0,0,0,0,1,0,1,0,1,1,1,1,0,38,0,1,0,0,0,1,3
812,6,6,5,5,4,3,3,2,2,4,4,4,220,0,0,1,0,0,0,0,0,0,0,0,0,1,1,1,1,1,1,0,0,43,1,0,0,0,0,1,2
813,5,5,4,4,3,4,3,4,5,3,4,3,150,0,0,0,0,0,0,0,0,0,0,1,0,0,0,0,0,0,1,0,0,41,0,1,0,0,1,0,2
814,4,4,4,3,3,4,3,4,5,6,6,4,180,0,0,0,0,0,0,0,0,1,0,0,0,1,1,1,1,0,0,1,1,30,1,1,0,1,0,0,1
815,4,4,5,4,4,4,3,4,3,4,3,4,140,0,0,0,0,0,0,0,0,0,0,0,1,1,1,0,0,0,1,0,0,44,1,1,0,1,0,0,2
816,4,5,3,5,2,4,5,5,2,5,4,2,230,0,1,0,0,0,0,0,0,0,0,0,1,0,1,0,0,0,1,0,0,38,0,0,0,0,1,0,3
817,3,5,6,4,4,6,4,6,5,5,6,4,160,1,0,0,0,0,0,0,0,1,0,0,0,1,1,1,1,0,0,0,1,26,0,1,0,0,0,0,1
818,4,5,4,4,3,4,5,4,3,6,4,5,290,1,0,0,0,0,0,0,0,0,0,0,0,1,0,0,1,1,0,1,1,32,0,0,0,0,0,0,1
819,3,5,3,4,3,3,3,3,3,4,3,5,150,0,0,0,0,0,0,1,0,0,0,0,0,1,1,0,1,1,1,1,0,40,0,1,0,1,0,0,2
820,4,7,4,4,5,7,3,5,4,5,7,4,240,0,0,0,0,0,0,0,0,0,0,0,1,1,1,1,1,1,0,1,1,28,0,1,0,0,0,1,1
821,4,5,3,5,2,4,4,4,6,2,2,4,140,0,0,0,0,0,0,1,0,0,0,0,0,0,0,0,0,1,1,0,0,40,1,1,0,0,0,1,2
822,3,3,4,4,3,2,3,1,6,3,2,3,200,1,0,0,0,0,1,0,0,0,0,0,0,1,0,0,1,0,1,1,1,35,1,1,0,0,1,0,2
823,1,6,5,4,3,6,7,4,3,7,5,6,250,1,0,0,0,0,0,0,0,0,0,0,0,1,0,0,0,0,1,0,1,31,0,0,0,0,0,0,1
824,3,1,6,2,5,3,3,1,3,4,3,3,180,1,0,0,0,0,0,1,0,0,0,0,0,1,0,0,1,0,1,1,0,33,0,1,0,1,0,0,2
825,3,7,3,3,3,4,3,3,5,6,3,4,250,0,0,1,0,0,0,0,0,0,0,0,0,1,1,0,1,1,1,0,0,46,1,0,0,0,1,0,2
826,3,5,6,4,4,4,4,3,6,2,3,3,140,0,0,0,0,0,0,0,1,0,0,0,0,1,1,0,1,1,1,1,0,41,0,1,0,0,0,1,2
827,4,1,5,1,4,3,4,2,1,4,3,3,220,1,0,0,0,0,0,0,0,0,0,1,0,1,0,0,1,0,1,1,1,38,1,1,0,0,1,0,2
828,5,4,1,7,1,4,5,7,3,4,2,2,160,1,0,0,0,0,0,0,0,0,0,0,1,0,1,0,1,1,1,0,0,45,0,1,0,0,0,0,3
829,4,5,6,3,4,6,3,5,4,5,7,6,150,1,0,0,0,0,0,0,0,0,0,0,1,1,1,0,1,0,0,0,1,26,1,1,0,0,0,0,1
830,5,5,7,5,5,7,5,4,4,7,6,7,230,1,0,0,0,0,0,0,0,0,0,0,0,1,0,0,1,0,1,1,1,25,1,0,0,0,0,1,1
831,4,4,3,4,3,4,3,4,6,6,4,5,220,0,0,0,0,0,0,0,1,0,0,0,0,1,1,0,1,1,1,1,0,35,0,1,0,0,1,0,1
832,4,2,2,6,2,4,5,6,4,4,3,2,200,0,0,0,0,0,0,0,0,0,0,0,1,0,1,0,1,1,0,1,0,30,1,1,0,0,1,0,3
833,6,5,7,3,6,5,5,3,6,6,4,5,210,1,0,0,0,0,1,0,0,0,0,0,0,0,0,1,0,0,1,0,0,25,0,1,0,0,0,1,1
834,4,1,5,5,4,5,2,4,3,5,6,4,210,0,0,0,0,0,0,0,0,0,0,0,0,1,1,1,1,1,0,1,1,29,1,1,0,0,0,0,1
835,2,4,1,5,1,4,3,6,2,2,1,4,210,0,0,0,0,0,0,0,0,0,0,0,1,0,1,0,1,1,0,1,0,41,0,1,0,0,1,0,3
836,4,5,4,5,3,3,4,4,5,6,3,6,230,1,0,1,0,0,0,0,0,0,0,0,0,1,0,0,1,1,1,1,1,41,0,0,0,0,1,0,1
837,4,5,7,5,5,7,5,4,3,7,6,6,270,1,0,0,0,0,0,0,0,0,0,0,0,1,0,0,0,0,1,0,1,30,1,0,0,0,1,0,1
838,4,6,3,5,2,3,3,4,6,5,3,6,170,1,0,0,0,0,0,0,1,0,0,0,0,0,1,0,0,1,1,1,1,41,1,1,0,0,1,0,2
839,4,6,2,5,2,4,3,3,6,4,2,5,290,1,0,0,0,0,0,0,0,0,0,0,1,1,0,0,1,1,1,1,1,40,1,1,0,0,1,0,3
840,3,6,3,4,2,4,3,4,5,6,3,4,250,0,0,0,0,0,0,0,0,0,0,0,1,1,0,0,1,0,1,1,0,37,0,1,0,0,1,0,3
841,6,7,2,7,2,4,5,6,3,5,3,2,380,1,0,0,0,0,0,0,0,0,0,0,1,0,1,0,0,0,1,0,1,44,0,1,0,0,0,0,3
842,4,6,4,5,3,3,4,3,3,5,4,6,240,1,0,0,0,0,0,0,0,0,0,0,1,1,0,0,1,0,1,1,1,37,0,1,0,0,1,0,1
843,3,5,4,5,5,7,3,5,6,5,7,4,210,1,0,0,0,0,0,0,0,0,0,0,0,1,0,0,1,0,0,1,1,25,1,1,0,0,0,0,1
844,5,6,5,5,4,6,5,4,3,4,4,6,280,1,0,0,0,0,0,0,0,0,0,0,0,1,0,0,0,0,1,0,1,29,0,0,0,0,1,0,1
845,4,4,5,5,4,6,2,6,5,5,6,6,200,0,0,0,0,0,0,0,0,0,1,0,0,1,0,1,1,0,1,1,1,27,1,1,0,1,0,0,1
846,4,3,5,3,4,6,2,6,3,5,7,6,140,1,0,0,0,0,0,0,0,0,1,0,0,0,1,1,1,0,1,1,1,25,1,1,1,0,0,0,1
847,4,4,3,4,3,2,3,2,1,3,2,4,110,1,0,0,0,0,0,0,1,0,0,0,0,1,1,0,1,1,1,1,0,44,0,1,0,0,1,0,2
848,4,6,4,4,3,4,3,5,1,7,4,4,190,1,0,0,0,0,0,0,0,0,0,0,1,0,1,0,1,1,0,1,0,38,0,1,0,0,0,0,1
849,3,4,3,4,3,3,3,4,5,2,2,4,300,1,0,0,0,0,0,0,0,0,0,0,1,0,0,0,0,0,1,0,0,40,1,0,0,0,1,0,2
850,6,5,6,5,4,5,5,4,3,7,6,6,250,1,0,0,0,0,0,0,0,0,0,0,0,1,0,0,1,1,0,1,1,25,1,0,0,0,1,0,1
851,2,5,1,7,1,4,3,7,2,1,1,1,210,0,0,0,0,0,0,0,0,0,0,0,1,0,1,0,0,0,1,0,1,42,0,1,0,0,1,0,3
852,5,4,5,1,4,2,3,1,3,4,3,3,210,0,0,0,0,0,0,0,0,0,0,0,1,1,1,1,0,1,1,0,0,42,0,1,0,0,0,1,2
853,4,3,4,4,4,6,2,4,2,5,7,4,180,0,0,0,0,0,0,0,0,0,1,0,0,1,1,1,1,1,1,1,1,26,1,1,0,1,0,0,1
854,5,2,2,6,2,1,3,2,2,2,1,4,210,0,0,0,0,0,0,0,0,0,0,0,1,0,0,0,0,0,1,0,1,39,0,0,0,0,1,0,2
855,5,6,4,4,3,4,5,4,3,7,6,6,350,1,0,0,0,0,0,0,0,0,0,0,0,1,0,0,0,0,1,0,1,36,0,0,0,0,1,0,1
856,4,7,3,2,3,2,3,1,2,3,3,4,200,1,0,0,1,0,0,0,0,0,0,0,0,0,0,0,0,0,1,0,0,42,0,0,0,0,1,0,2
857,4,7,4,5,3,4,4,5,1,7,4,4,200,1,0,0,0,0,0,0,0,0,0,0,1,0,1,0,0,0,1,0,0,40,0,1,0,0,0,0,1
858,2,4,4,1,3,3,3,2,4,2,4,3,150,0,0,0,0,0,0,1,0,0,0,0,0,1,1,1,1,1,1,1,0,34,0,1,0,0,1,0,2
859,5,4,2,6,2,3,5,5,2,1,1,4,240,0,0,0,0,0,0,0,0,0,0,0,1,0,1,0,1,1,1,1,1,41,1,1,0,0,0,0,3
860,5,5,6,4,4,4,5,4,6,4,5,4,210,0,0,0,0,0,0,0,1,0,0,0,0,1,1,1,1,1,0,1,1,24,0,1,0,1,0,0,1
861,4,2,7,4,5,4,4,3,3,3,4,4,160,0,0,0,0,0,0,0,0,0,0,1,0,0,0,0,0,0,1,0,0,33,0,1,0,0,1,0,2
862,2,7,4,4,3,5,3,6,3,3,3,4,160,0,1,0,0,0,0,0,0,0,0,0,1,0,1,0,0,0,1,0,0,41,1,0,0,0,0,0,3
863,5,6,6,5,4,4,5,4,6,4,4,5,180,0,0,0,0,0,0,0,1,0,0,0,0,0,0,1,0,0,1,0,0,24,1,1,0,1,0,0,1
864,1,5,3,1,3,3,3,3,5,2,3,1,220,0,0,0,0,0,0,1,0,0,0,0,0,1,1,0,1,1,1,1,0,39,0,1,0,0,0,1,2
865,5,1,4,3,4,2,3,1,3,4,4,3,260,1,0,0,1,0,0,0,0,0,0,0,0,0,0,0,0,0,1,0,0,35,1,0,0,0,0,1,2
866,4,7,4,5,3,5,4,4,3,6,5,7,220,1,0,0,0,0,0,0,0,0,0,0,0,1,0,0,1,1,0,1,1,27,1,0,0,0,0,0,1
867,3,6,3,3,3,3,3,4,3,2,3,3,270,0,0,0,1,0,0,0,0,0,0,0,0,1,1,0,0,1,1,0,0,43,0,0,0,0,0,1,2
868,4,7,2,6,2,4,5,6,2,5,3,4,180,0,0,0,0,0,0,0,0,0,0,0,1,0,1,0,0,0,1,0,1,39,0,1,0,0,0,1,3
869,4,5,6,5,4,6,3,5,3,5,6,4,190,1,0,0,0,0,0,0,0,0,1,0,0,1,1,1,1,1,0,1,1,29,1,1,0,0,0,0,1
870,5,3,6,2,5,4,5,3,5,5,5,5,200,0,0,0,0,0,0,0,0,0,0,0,1,1,1,1,1,1,1,1,1,24,1,1,0,1,0,0,1
871,3,5,4,5,3,5,5,7,3,5,6,4,170,0,0,0,0,0,0,0,0,0,1,0,0,1,1,1,1,1,0,0,1,28,1,1,0,0,0,0,1
872,3,4,5,4,3,6,5,7,4,5,6,4,200,1,0,0,0,0,0,0,0,0,1,0,0,1,1,1,1,0,0,1,1,30,1,1,0,1,0,0,1
873,4,4,4,4,3,6,2,6,2,6,6,4,130,1,0,0,0,0,0,0,0,0,1,0,0,1,1,1,1,0,0,1,1,27,1,1,0,0,0,0,1
874,4,4,5,4,3,6,3,6,3,5,6,6,140,1,0,0,0,0,0,0,0,0,1,0,0,1,1,1,1,1,0,0,1,29,1,0,0,0,0,0,1
875,4,4,6,3,4,5,3,3,2,5,6,4,150,0,0,0,0,0,0,0,0,0,1,0,0,1,1,1,1,0,0,1,1,28,1,1,0,0,0,0,1
876,4,6,6,5,4,6,5,4,3,5,4,6,200,1,0,0,0,0,0,0,0,0,0,0,0,1,0,0,0,0,1,0,1,35,0,0,0,0,0,1,1
877,4,3,5,1,4,3,4,1,5,4,3,3,180,1,0,0,0,0,1,0,0,0,0,0,0,1,0,0,1,0,1,1,1,33,0,1,0,0,0,1,2
878,6,4,2,3,2,2,3,4,5,5,4,3,230,0,0,0,0,0,0,0,0,0,0,0,1,1,1,0,1,1,1,1,1,42,1,1,0,0,1,0,2
879,3,4,4,5,4,3,3,3,3,3,2,4,100,0,0,0,0,0,0,0,1,0,0,0,0,1,1,0,1,1,1,1,0,41,0,1,0,0,1,0,2
880,3,3,5,3,4,4,4,3,3,2,3,3,180,0,0,0,0,0,0,1,0,0,0,0,0,1,1,0,1,1,1,1,0,38,0,1,0,0,1,0,2
881,5,6,7,4,5,7,5,4,4,7,6,7,250,1,0,0,0,0,0,0,0,0,0,0,0,1,0,0,0,0,1,0,1,25,1,0,0,0,1,0,1
882,5,5,3,5,3,2,3,4,3,4,3,3,220,1,0,0,0,1,0,0,0,0,0,0,0,1,1,0,1,1,1,1,1,40,0,1,0,0,1,0,2
883,4,4,2,4,2,4,4,5,2,4,3,2,220,1,0,0,0,0,0,0,0,0,0,0,1,0,1,0,0,1,1,0,1,37,0,1,0,0,1,0,3
884,4,4,7,4,5,3,3,3,3,3,3,4,190,1,0,0,0,0,0,0,0,0,0,0,0,0,0,0,0,0,1,0,0,38,1,0,0,0,1,0,2
885,5,5,3,4,3,4,5,4,3,6,4,6,310,1,0,0,0,0,0,0,0,0,0,0,0,1,1,0,1,1,1,1,1,35,0,0,0,0,0,1,1
886,3,6,2,4,2,3,4,5,3,4,2,4,250,0,1,0,0,0,0,0,0,0,0,0,1,0,1,0,1,1,1,1,0,37,1,0,0,0,0,0,3
887,4,6,4,5,3,5,5,4,3,5,4,6,250,1,0,0,0,0,0,0,0,0,0,0,0,1,0,0,0,1,1,1,1,31,0,0,0,0,1,0,1
888,4,7,2,1,2,1,3,2,1,3,3,4,200,0,0,0,0,0,0,0,0,0,0,1,0,0,0,0,0,0,1,0,0,39,0,1,0,0,1,0,2
889,5,6,4,3,3,4,3,3,3,5,3,5,230,1,0,0,0,0,0,0,0,0,0,1,0,1,1,0,1,1,1,1,1,35,0,1,0,0,1,0,2
890,4,5,3,6,2,3,7,4,3,4,2,4,240,0,0,0,0,0,0,0,0,0,0,0,1,0,1,0,1,1,1,1,1,39,1,1,0,1,0,0,3
891,4,4,5,4,4,5,5,4,5,5,6,4,180,1,0,0,0,0,0,0,0,0,1,0,0,1,1,0,1,0,0,0,1,25,1,1,0,0,0,0,1
892,4,3,1,7,2,4,7,6,4,4,1,4,210,0,0,0,0,0,0,0,0,0,0,0,1,0,1,0,1,0,1,0,0,40,1,1,0,0,1,0,3
893,3,6,4,2,3,4,3,4,2,2,3,3,230,1,0,0,0,1,0,0,0,0,0,0,0,0,1,0,0,0,1,0,1,42,1,1,0,0,1,0,2
894,4,4,7,4,5,6,6,4,3,7,6,6,250,1,1,0,0,0,0,0,0,0,0,0,0,1,0,0,1,1,1,1,1,32,1,0,0,0,0,0,1
895,3,5,6,5,4,5,6,5,3,5,5,5,230,1,1,0,0,0,0,0,0,0,0,0,0,0,1,0,0,0,1,0,1,38,0,0,0,0,0,0,1
896,5,1,5,5,4,3,3,1,1,4,3,4,240,1,0,0,0,0,0,0,0,0,1,0,0,1,0,0,1,0,1,1,1,38,1,1,0,0,1,0,2
897,3,4,7,3,5,6,6,5,3,7,6,6,280,1,1,0,0,0,0,0,0,0,0,0,0,0,0,0,0,0,1,0,1,31,0,0,0,0,0,1,1
898,3,1,3,6,3,3,3,3,3,2,2,4,190,0,0,0,0,1,0,0,0,0,0,0,0,1,1,0,0,1,1,0,1,42,1,1,0,0,1,0,2
899,7,7,5,5,4,5,7,5,3,7,5,7,260,1,0,0,0,0,0,0,0,0,0,0,0,0,0,0,0,0,1,0,1,35,0,0,0,0,0,0,1
900,5,3,4,6,4,7,2,5,6,5,6,6,190,0,0,0,0,0,0,0,0,0,1,0,0,1,1,1,1,1,0,1,1,28,1,1,0,0,0,0,1
901,5,1,3,7,2,4,7,6,4,5,3,5,210,1,0,0,0,0,0,0,0,0,0,0,1,0,1,1,1,1,1,1,0,38,1,1,0,0,0,1,3
902,4,5,3,5,3,5,6,5,3,5,4,6,230,1,0,0,0,0,0,0,0,0,0,0,0,1,1,0,1,1,1,1,1,33,0,0,0,0,1,0,1
903,7,6,6,5,4,5,7,5,3,7,6,7,340,1,0,0,0,0,0,0,0,0,0,0,0,1,1,0,1,1,0,1,1,33,1,0,0,0,0,1,1
904,4,6,5,4,3,5,5,5,3,6,5,6,280,1,0,0,0,0,0,0,0,0,0,0,0,1,1,0,1,1,0,1,1,29,1,0,0,0,0,0,1
905,5,3,5,3,3,5,3,4,2,5,6,4,230,0,0,0,0,0,0,0,0,0,1,0,0,1,1,1,1,0,0,0,1,27,1,1,0,0,0,0,1
906,6,7,5,5,4,5,7,5,3,7,5,7,230,1,0,0,0,0,0,0,0,0,0,0,0,1,0,0,1,0,1,1,1,26,0,0,0,0,1,0,1
907,4,5,4,7,4,7,2,7,3,5,6,6,180,1,0,0,0,0,0,0,0,0,1,0,0,1,1,1,1,1,0,1,1,25,1,1,0,0,0,0,1
908,5,4,5,4,3,5,3,4,2,5,6,4,160,1,0,0,0,0,0,0,0,0,1,0,0,1,1,1,1,0,0,1,1,25,1,1,0,0,0,1,1
909,3,4,6,3,4,5,5,4,3,5,6,4,130,1,0,0,0,0,0,0,0,0,1,0,0,1,0,0,1,1,1,1,1,27,1,1,0,0,0,0,1
910,3,4,4,5,3,4,3,4,3,1,1,3,160,0,0,0,0,1,0,0,0,0,0,0,0,1,1,0,1,1,1,1,1,39,0,0,0,0,1,0,2
911,6,4,6,3,5,3,5,2,7,5,5,4,270,1,0,0,0,0,0,0,0,0,1,0,0,0,0,1,0,0,1,0,1,29,1,1,0,0,0,1,1
912,4,4,4,4,3,6,3,7,3,5,6,6,250,0,1,0,0,0,0,0,0,0,1,0,0,1,0,1,1,0,1,0,1,25,1,0,0,0,0,0,1
913,6,6,7,5,5,5,7,5,3,7,6,6,230,1,0,0,0,0,0,0,0,0,0,0,0,0,0,0,0,0,1,0,1,25,0,0,0,0,1,0,1
914,6,4,7,2,5,4,5,2,6,5,4,5,200,1,0,0,0,0,0,0,0,0,0,0,1,1,1,1,1,1,0,1,1,30,1,1,0,0,0,1,1
915,4,7,4,5,3,5,5,5,3,5,3,7,320,1,0,0,0,0,0,0,0,0,0,0,0,1,1,0,1,1,1,1,1,36,0,0,0,0,1,0,1
916,6,4,7,3,5,5,7,4,7,6,5,5,180,0,0,0,0,0,1,0,0,0,0,0,0,1,0,1,1,0,1,1,1,25,1,1,0,1,0,0,1
917,3,5,4,5,3,3,4,4,4,3,3,5,190,0,0,0,0,1,0,0,0,0,0,0,0,1,1,0,1,1,1,0,0,45,0,1,0,0,1,0,2
918,4,7,5,5,4,4,3,3,3,6,5,4,150,0,0,0,0,0,0,0,0,0,1,0,0,0,1,1,1,0,1,1,1,30,1,1,0,0,0,0,1
919,3,5,3,5,2,4,5,6,1,4,3,2,190,1,0,0,0,0,0,0,0,0,0,0,1,0,1,1,1,1,1,1,0,38,1,1,0,1,0,0,3
920,2,1,1,1,2,2,3,4,6,1,1,4,250,0,0,0,0,0,0,0,0,0,0,0,1,1,1,0,1,1,1,0,1,42,1,0,0,0,1,0,2
921,4,4,6,4,4,4,3,3,4,4,4,3,220,0,0,0,1,0,0,0,0,0,0,0,0,1,0,0,1,0,1,1,1,39,0,0,0,1,0,0,2
922,4,7,7,5,4,6,7,5,4,6,6,6,230,1,0,0,0,0,0,0,0,0,0,0,0,1,0,0,1,0,1,1,1,27,1,0,0,0,1,0,1
923,4,5,1,4,1,3,7,6,2,3,2,4,390,1,1,0,0,0,0,0,0,0,0,0,1,0,1,1,0,0,1,0,0,44,0,1,0,0,1,0,3
924,3,3,2,4,2,3,4,5,1,5,4,2,190,0,0,0,0,0,0,0,0,0,0,0,1,0,1,1,1,1,1,0,1,42,0,1,0,1,0,0,3
925,6,1,2,7,3,1,3,3,3,3,1,4,230,0,0,0,1,0,0,0,0,0,0,0,0,0,0,0,0,0,1,0,1,39,0,0,0,1,0,0,2
926,3,7,1,4,2,4,4,5,1,3,2,4,170,1,0,0,0,0,0,0,0,0,0,0,1,0,1,1,1,1,1,1,0,37,1,1,0,0,0,1,3
927,4,6,2,5,2,4,7,5,2,5,3,4,250,1,0,0,0,0,0,0,0,0,0,0,1,0,0,0,0,0,1,0,1,35,0,1,0,0,0,1,3
928,3,1,2,4,2,4,5,7,1,4,3,2,200,0,0,0,0,0,0,0,0,0,0,0,1,0,0,0,0,0,1,0,0,37,1,1,0,1,0,0,3
929,6,1,7,3,6,5,5,2,5,5,4,5,200,0,0,0,0,0,1,0,0,0,0,0,0,0,1,1,0,1,1,1,0,25,0,1,0,0,0,1,1
930,3,6,5,4,4,3,3,3,3,1,2,3,200,0,0,0,0,0,0,0,1,0,0,0,0,1,1,0,1,1,1,1,0,40,0,1,0,0,1,0,2
931,5,2,3,5,3,2,3,2,2,3,2,4,250,0,0,0,0,0,0,0,0,0,0,0,1,0,0,0,0,0,1,0,1,46,0,1,0,0,1,0,2
932,4,6,6,4,4,6,7,5,3,7,6,6,230,1,0,0,0,0,0,0,0,0,0,0,0,0,0,0,0,0,1,0,1,32,0,0,0,0,0,0,1
933,1,4,1,4,2,4,5,7,4,1,1,4,190,1,0,0,0,0,0,0,0,0,0,0,1,0,0,0,0,1,1,0,1,39,0,1,0,0,1,0,3
934,4,6,6,2,4,4,3,3,4,4,3,3,240,0,0,0,1,0,0,0,0,0,0,0,0,1,1,0,1,1,1,1,0,32,0,0,0,0,1,0,2
935,3,6,5,1,4,4,3,3,4,2,4,3,160,0,0,0,0,0,0,0,0,0,0,0,1,1,1,0,0,0,1,0,1,46,0,0,0,1,0,0,2
936,4,3,6,4,4,4,3,4,4,3,4,4,150,0,0,0,0,0,1,0,0,0,0,0,0,0,0,0,0,0,1,0,0,38,1,1,0,1,0,0,2
937,7,6,3,7,2,4,7,5,2,4,2,2,360,1,0,0,0,0,0,0,0,0,0,0,1,0,1,0,1,1,1,1,1,35,0,0,0,0,0,0,3
938,4,2,6,5,4,6,7,5,3,7,6,6,230,1,0,0,0,0,0,0,0,0,0,0,0,0,0,0,0,0,1,0,1,31,1,0,0,0,1,0,1
939,5,4,5,4,3,5,4,4,2,5,6,4,170,1,0,0,0,0,0,0,0,0,1,0,0,1,1,1,1,0,1,0,1,26,1,1,0,1,0,0,1
940,2,3,3,4,2,5,4,5,4,4,4,4,200,0,1,0,0,0,0,0,0,0,0,0,1,0,1,0,1,1,0,1,0,42,0,0,0,1,0,0,2
941,5,7,1,7,1,3,3,6,6,1,1,4,240,0,0,0,0,0,0,0,0,0,1,0,0,0,1,0,0,1,1,1,1,39,0,1,0,0,0,1,3
942,4,4,2,5,2,4,3,4,3,4,3,5,230,0,0,0,1,0,0,0,0,0,0,0,0,1,1,0,1,1,1,1,0,45,1,0,0,0,0,1,3
943,2,1,6,1,5,4,3,2,6,1,4,3,150,0,0,0,0,0,0,0,0,0,0,1,0,1,1,0,1,0,1,0,0,44,0,1,0,0,0,1,2
944,4,5,2,4,2,4,6,6,1,5,4,2,220,0,1,0,0,0,0,0,0,0,0,0,1,0,1,0,0,1,1,0,0,44,1,0,0,0,0,1,3
945,5,5,3,5,3,5,7,5,3,5,5,7,210,1,0,0,0,0,0,0,0,0,0,0,0,1,1,0,1,1,1,1,1,35,1,0,0,0,0,0,1
946,3,4,3,4,2,4,5,4,1,5,4,4,200,0,0,0,0,0,0,0,0,0,0,0,1,0,0,0,1,0,1,1,0,35,1,1,0,1,0,0,3
947,3,6,5,4,3,3,4,4,6,6,4,5,250,0,0,0,1,0,0,0,0,0,0,0,0,0,0,0,0,1,1,0,1,40,0,1,0,0,0,1,1
948,3,5,3,5,2,3,3,3,4,4,3,3,170,0,0,0,0,0,0,0,1,0,0,0,0,1,1,0,0,1,1,0,1,44,1,1,0,0,1,0,2
949,3,4,4,4,3,3,4,3,6,3,4,5,160,0,0,0,0,0,0,0,0,0,0,1,0,0,0,0,0,0,1,0,0,45,1,1,0,1,0,0,2
950,5,5,1,5,1,3,7,6,4,3,2,4,190,1,1,0,0,0,0,0,0,0,0,0,1,0,0,0,0,0,1,0,0,40,0,0,0,0,0,0,3
951,4,4,4,4,5,7,4,5,6,5,7,6,250,0,0,0,0,0,0,0,0,0,1,0,0,1,1,1,1,1,1,1,1,25,1,0,0,0,0,0,1
952,4,6,3,7,2,4,7,6,1,4,2,2,310,1,0,0,0,0,0,0,0,0,0,0,1,0,0,0,0,1,1,0,0,39,0,1,0,0,0,1,3
953,4,3,4,1,5,6,2,3,3,5,7,4,160,0,0,0,0,0,0,0,0,0,0,1,0,1,1,1,1,1,0,1,1,25,1,1,0,0,0,1,1
954,4,4,6,4,4,6,3,4,4,5,7,4,220,1,0,0,0,0,0,0,0,0,0,1,0,0,1,0,1,0,0,0,1,25,1,1,0,0,0,0,1
955,4,3,4,1,3,2,4,1,4,3,4,4,190,0,0,0,0,1,0,0,0,0,0,0,0,1,1,0,1,1,1,1,1,39,0,0,0,0,0,1,2
956,2,5,4,4,3,3,3,4,2,5,3,4,200,0,0,0,0,1,0,0,0,0,0,0,0,1,1,0,0,0,1,0,1,42,1,1,0,0,0,1,2
957,5,5,4,6,5,7,2,6,6,5,7,6,230,0,0,0,0,0,0,0,0,0,0,1,0,1,0,0,1,0,0,1,1,27,1,0,0,0,0,0,1
958,3,4,3,3,3,3,4,4,5,3,3,5,280,0,1,1,0,0,0,0,0,0,0,0,0,0,0,0,0,0,1,0,0,41,1,0,0,0,0,1,2
959,5,5,3,5,3,1,2,1,2,3,2,4,260,0,0,0,0,0,0,0,0,0,0,0,1,0,0,0,0,0,1,0,0,37,0,0,0,0,0,1,2
960,5,7,2,7,2,4,5,6,2,5,3,2,330,1,0,0,0,0,0,0,0,0,0,0,1,0,0,0,0,0,1,0,0,30,1,1,0,0,1,0,3
961,5,4,4,3,4,2,3,3,3,4,4,3,270,0,0,0,0,1,0,0,0,0,0,0,0,0,0,0,0,0,1,0,1,38,0,1,0,0,1,0,2
962,4,4,7,3,5,4,3,2,3,4,3,4,180,0,0,0,0,0,0,0,1,0,0,0,0,1,0,0,0,1,1,0,1,40,0,1,0,0,0,0,2
963,3,3,3,2,3,3,3,4,5,1,2,4,170,0,0,0,0,0,0,1,0,0,0,0,0,1,0,0,1,0,1,1,0,39,0,1,0,1,0,0,2
964,4,6,4,4,3,4,7,5,3,7,4,4,270,1,0,0,0,0,0,0,0,0,0,0,0,0,0,0,0,0,1,0,1,31,1,0,0,0,1,0,1
965,3,4,7,4,5,4,3,1,2,2,4,3,200,0,0,0,0,0,1,0,0,0,0,0,0,1,0,1,1,0,1,1,1,39,1,1,0,0,1,0,2
966,4,4,5,3,4,3,3,2,5,4,4,3,170,0,0,0,0,0,1,0,0,0,0,0,0,1,1,1,1,1,1,1,0,38,1,1,0,1,0,0,2
967,2,6,6,5,4,6,5,4,3,6,5,4,150,1,1,0,0,0,0,0,0,0,0,1,0,1,0,1,1,1,0,0,1,31,1,0,1,0,0,0,1
968,3,4,3,4,3,3,1,3,4,2,2,4,160,0,0,0,0,0,0,0,0,0,0,1,0,1,1,1,1,1,1,1,0,41,0,1,0,1,0,0,2
969,5,3,7,2,5,4,6,2,5,5,5,5,110,1,0,0,0,0,1,0,0,0,0,0,0,0,0,1,1,0,1,1,0,25,1,1,0,0,0,1,1
970,1,4,2,5,2,5,4,6,3,1,1,4,350,1,0,0,0,0,0,0,0,0,0,0,1,0,1,0,1,1,1,1,0,38,0,1,0,0,0,0,3
971,5,6,3,6,2,3,6,4,2,3,3,4,310,1,0,0,0,0,0,0,0,0,0,0,1,0,0,0,0,1,1,1,0,37,1,1,0,0,0,1,3
972,4,6,2,6,2,3,6,5,2,1,1,4,320,1,0,0,0,0,0,0,0,0,0,0,1,0,1,0,0,1,1,0,0,37,1,1,0,0,0,0,3
973,3,3,3,4,2,4,7,5,1,4,4,2,220,1,1,0,0,0,0,0,0,0,0,0,1,0,0,0,1,1,1,1,0,39,0,0,0,1,0,0,3
974,3,4,3,4,3,4,6,4,1,5,5,3,210,0,0,0,0,0,0,0,0,0,0,0,1,0,1,0,1,1,0,1,1,31,0,1,0,0,1,0,3
975,6,4,7,4,7,6,7,4,5,5,5,6,150,0,0,0,0,0,0,1,0,0,0,0,0,1,1,1,0,1,1,1,1,31,1,1,0,0,0,1,1
976,4,3,5,3,4,4,4,4,5,3,4,4,220,0,1,0,0,0,0,0,0,0,0,0,1,1,1,1,0,1,1,1,0,40,1,1,0,1,0,0,2
977,6,5,5,5,4,5,7,5,3,7,6,7,240,1,0,0,0,0,0,0,0,0,0,0,0,1,0,0,0,1,1,0,1,31,0,0,0,0,0,0,1
978,7,5,4,4,4,2,4,1,3,4,4,4,270,0,0,0,0,0,0,0,0,0,1,0,0,1,0,0,0,0,1,0,1,33,1,1,0,1,0,0,2
979,7,5,4,4,3,2,4,3,4,6,5,4,220,0,0,0,1,0,0,0,0,0,0,0,0,1,1,1,1,1,1,1,1,40,1,1,1,0,0,0,1
980,4,4,6,5,4,6,7,5,4,7,6,7,180,1,0,0,0,0,0,0,0,0,0,0,0,1,0,0,0,0,1,0,1,26,1,0,0,0,0,1,1
981,2,3,5,3,4,3,4,3,3,3,3,4,240,0,1,0,0,1,0,0,0,0,0,0,0,1,1,1,1,1,1,0,1,46,0,1,0,1,0,0,2
982,4,7,6,5,4,6,7,4,3,7,6,7,260,1,1,0,0,0,0,0,0,0,0,0,0,1,1,0,1,1,0,1,1,34,1,0,0,0,1,0,1
983,3,4,3,4,3,2,4,2,5,2,1,3,260,0,1,0,0,0,0,0,0,1,0,0,0,1,0,0,0,0,1,0,0,44,0,0,0,1,0,0,2
984,3,2,5,4,4,3,3,2,3,3,3,4,140,0,0,0,0,0,0,0,0,0,0,0,1,1,0,0,0,0,1,0,1,41,1,0,1,0,0,0,2
985,5,6,4,3,3,6,2,7,2,6,6,6,220,1,0,0,0,0,0,0,0,0,0,1,0,0,1,1,1,0,0,0,1,25,1,1,0,0,0,0,1
986,4,3,3,4,3,4,7,4,3,6,5,5,240,1,0,0,0,0,0,0,0,0,0,0,0,1,0,0,0,0,1,0,1,33,1,0,0,0,0,1,1
987,5,6,2,5,2,1,4,3,3,3,1,4,210,0,1,0,0,0,0,0,1,0,0,0,0,1,0,1,1,0,1,0,0,40,1,1,0,1,0,0,3
988,5,5,7,4,6,5,7,3,4,6,5,5,220,1,0,0,0,0,0,0,0,0,1,0,0,1,0,1,0,0,1,0,0,25,0,1,0,0,0,1,1
989,4,6,4,2,4,6,4,4,2,6,6,4,220,1,0,0,0,0,0,0,0,0,0,1,0,1,1,1,1,0,0,0,1,27,1,1,0,0,0,0,1
990,3,3,5,3,3,6,3,7,4,5,7,6,180,1,1,0,0,0,0,0,0,0,0,1,0,1,1,1,1,0,0,0,1,29,1,0,0,0,0,0,1
991,4,1,6,4,4,6,5,5,3,5,6,6,230,1,0,0,0,0,0,0,0,0,0,0,0,1,1,0,1,1,1,0,1,37,1,0,0,0,1,0,1
992,3,6,5,4,4,4,4,3,3,2,3,3,180,0,0,0,0,0,0,0,0,0,0,1,0,1,1,1,1,1,1,1,0,41,1,1,0,1,0,0,2
993,5,7,7,3,5,4,7,3,4,5,5,5,240,1,0,0,0,0,1,0,0,0,0,0,0,1,0,1,0,0,1,0,1,24,0,1,0,0,0,1,1
994,4,7,5,2,3,6,2,6,2,5,6,4,210,1,0,0,0,0,0,0,0,0,0,1,0,1,1,0,1,1,0,1,1,25,1,0,0,0,0,0,1
995,3,7,6,3,4,6,5,4,3,5,6,4,170,1,1,0,0,0,0,0,0,0,0,1,0,1,1,1,1,1,0,1,1,30,1,0,0,0,0,0,1
996,4,5,4,5,3,5,5,4,3,6,5,6,320,1,1,0,0,0,0,0,0,0,0,0,0,1,1,0,0,0,1,0,1,37,0,0,0,0,0,1,1
997,3,7,2,7,2,4,6,5,1,5,2,5,200,1,0,0,0,0,0,0,0,0,0,0,0,0,0,0,1,1,1,1,1,36,0,1,0,0,0,0,3
998,4,5,2,6,2,4,7,7,2,4,3,5,200,0,0,0,0,0,0,0,0,0,0,0,0,0,1,0,1,1,1,0,1,40,0,1,0,0,0,0,3
999,3,1,5,1,4,4,4,3,4,2,4,3,180,0,0,0,0,0,0,0,0,0,0,1,0,1,0,0,0,0,1,0,1,39,0,1,1,0,0,0,2
1000,5,1,5,6,3,4,7,4,3,7,5,5,290,1,0,0,0,0,0,0,0,0,0,0,0,1,1,0,1,1,0,1,1,29,1,1,0,0,1,0,1
