"Id","Imp_Innov","Imp_ConstCom","Imp_CreatCom","Imp_TimelyInf","Imp_SaveMT","Imp_SaveML","Imp_TaskMgm","Imp_DeviceSt","Imp_Photo","Imp_Wellness","Imp_Athlete","Imp_Style","WTP","iPhone","CompBuy","Occup_Health","Occup_Finc","Occup_Sales","Occup_Advt","Occup_Edu","Occup_Cons","Occup_Eng","Occup_Tech","Occup_Retail","Occup_SMB","FB_Insta","Twit","Snap","YouTube","Pod_radio","TV","NewsP","AmznP","Age","Female","Degree","Income_Lower40k","Income_40k_to_70k","Income_71k_to_100k","Income_101k_to_157k"
1,3,3,5,2,4,4,3,3,3,2,3,3,200,0,0,0,0,0,1,0,0,0,0,0,0,1,0,0,0,0,1,0,1,38,1,1,0,1,0,0
2,5,6,2,6,2,4,6,6,2,5,3,1,350,1,0,1,0,0,0,0,0,0,0,0,0,1,1,1,1,1,0,1,1,38,0,0,0,0,1,0
3,7,7,3,4,2,4,4,4,1,6,4,1,220,0,0,1,0,0,0,0,0,0,0,0,0,1,1,0,1,1,1,1,0,42,0,1,0,0,1,0
4,4,7,4,5,3,3,4,5,1,5,4,4,320,1,1,1,0,0,0,0,0,0,0,0,0,1,1,1,1,1,0,1,1,35,0,0,0,0,0,0
5,7,7,2,4,2,4,2,6,1,3,2,4,250,0,1,1,0,0,0,0,0,0,0,0,0,1,1,1,1,1,1,1,1,36,0,1,0,0,1,0
6,3,2,6,1,5,4,3,2,4,2,4,3,140,1,1,0,0,1,0,0,0,0,0,0,0,1,1,0,1,1,1,0,0,47,1,0,0,1,0,0
7,7,7,2,7,2,4,3,6,1,3,1,4,310,1,1,1,0,0,0,0,0,0,0,0,0,1,1,0,1,1,1,1,1,36,1,1,0,0,0,0
8,5,7,3,5,2,4,6,5,3,2,2,3,340,1,1,1,0,0,0,0,0,0,0,0,0,1,1,1,1,1,1,1,1,41,0,1,0,0,1,0
9,3,6,4,5,3,5,6,3,3,5,3,5,150,1,0,0,0,0,0,0,0,0,0,1,0,1,1,0,1,1,1,0,1,46,0,1,0,1,0,0
10,5,5,7,6,5,4,6,3,4,5,5,3,240,0,0,0,0,0,0,0,0,0,1,0,0,1,0,1,1,0,1,1,1,28,0,1,0,0,1,0
11,5,6,7,5,4,5,6,3,1,7,6,6,290,1,0,1,0,0,0,0,0,0,0,0,0,1,0,0,1,0,1,1,1,30,1,1,0,0,1,0
12,4,7,4,1,5,7,6,4,3,7,6,6,290,1,1,1,0,0,0,0,0,0,0,0,0,1,1,1,0,1,1,1,1,32,1,0,0,0,0,1
13,7,7,1,7,2,3,4,4,1,4,2,4,220,1,1,1,0,0,0,0,0,0,0,0,0,1,1,0,1,1,0,1,0,40,0,0,0,0,1,0
14,7,7,2,5,1,3,3,5,1,3,2,3,200,1,1,0,0,0,0,0,0,0,0,0,1,1,0,1,0,1,1,1,0,37,0,0,0,0,1,0
15,5,4,4,2,5,7,3,5,3,6,7,6,220,1,0,1,0,0,0,0,0,0,0,0,0,1,0,0,0,1,1,0,1,25,1,1,0,1,0,0
16,3,6,6,3,3,4,6,4,2,3,3,5,210,1,1,0,0,0,0,0,0,1,0,0,0,1,1,0,0,0,1,0,1,47,0,0,0,0,1,0
17,7,7,1,6,2,4,3,6,1,4,3,3,240,1,1,0,1,0,0,0,0,0,0,0,0,1,1,0,0,1,1,1,1,45,1,0,0,0,1,0
18,4,5,5,4,2,1,5,1,1,2,1,4,200,1,0,0,0,0,1,0,0,0,0,0,0,1,0,0,1,0,1,1,0,32,0,1,1,0,0,0
19,4,4,4,3,4,6,4,6,2,5,6,6,170,1,0,1,0,0,0,0,0,0,0,0,0,1,0,1,0,0,1,0,1,30,0,1,0,1,0,0
20,4,4,7,5,6,5,4,1,2,2,4,4,180,0,0,0,0,0,1,0,0,0,0,0,0,1,1,0,1,1,0,1,0,32,0,1,1,0,0,0
21,6,7,7,5,5,7,6,4,4,6,6,6,220,1,0,1,0,0,0,0,0,0,0,0,0,1,0,0,0,0,1,1,1,33,1,1,0,0,0,0
22,3,3,3,3,4,2,6,2,3,5,5,4,290,0,1,1,0,0,0,0,0,0,0,0,0,1,1,0,1,1,1,0,0,41,0,1,1,0,0,0
23,4,5,5,2,5,4,6,2,4,5,5,3,210,1,0,0,1,0,0,0,0,0,0,0,0,1,1,0,1,0,1,0,0,45,1,1,1,0,0,0
24,4,7,2,7,3,4,6,4,1,3,2,4,240,1,1,0,0,0,1,0,0,0,0,0,0,1,1,1,1,1,0,1,1,37,1,0,0,0,1,0
25,4,1,6,3,4,4,5,3,4,2,4,3,160,1,0,0,0,0,0,0,0,0,0,1,0,0,0,0,1,0,1,0,0,41,1,1,0,1,0,0
26,4,1,1,6,4,7,2,5,3,5,6,6,190,1,1,1,0,0,0,0,0,0,0,0,0,0,1,1,1,1,0,1,1,26,1,0,0,0,0,1
27,3,6,3,4,3,5,6,3,3,3,4,5,200,1,1,0,1,0,0,0,0,0,0,0,0,1,1,0,1,1,1,1,0,45,1,0,0,0,1,0
28,7,7,2,7,2,5,5,7,1,3,1,3,320,1,1,0,1,0,0,0,0,0,0,0,0,1,0,0,1,1,1,1,0,39,0,0,0,0,0,0
29,4,7,3,7,3,4,6,4,1,5,3,5,220,1,1,0,1,0,0,0,0,0,0,0,0,1,1,0,0,1,1,1,0,43,0,1,0,0,1,0
30,4,6,7,4,3,5,4,4,1,6,6,6,280,1,1,1,0,0,0,0,0,0,0,0,0,1,1,0,0,1,1,1,1,34,1,1,0,0,0,1
31,3,4,4,4,3,4,4,3,1,3,3,4,190,1,0,0,0,0,0,0,0,0,0,1,0,0,0,0,1,0,1,0,0,42,1,1,0,1,0,0
32,6,3,7,7,4,6,6,4,1,7,5,6,220,1,1,1,0,0,0,0,0,0,0,0,0,1,1,0,0,1,0,1,1,34,1,0,0,0,0,1
33,3,6,4,5,3,4,7,4,1,6,4,6,240,1,0,1,0,0,0,0,0,0,0,0,0,1,1,0,0,1,0,1,1,31,1,0,0,0,0,0
34,4,2,4,5,3,5,2,4,3,5,6,4,220,0,1,1,0,0,0,0,0,0,0,0,0,1,1,1,1,1,1,1,1,27,0,0,0,0,1,0
35,4,6,7,3,5,4,3,3,4,5,6,4,200,0,0,0,0,0,1,0,0,0,0,0,0,1,0,0,1,0,1,1,0,35,0,1,1,0,0,0
36,5,4,6,4,5,4,1,4,5,4,5,4,170,0,0,0,0,0,0,0,0,1,0,0,0,1,0,0,1,0,1,0,0,40,1,0,0,0,0,1
37,7,6,2,7,3,3,5,4,3,2,2,3,180,1,1,0,1,0,0,0,0,0,0,0,0,1,1,1,1,1,1,1,1,44,0,1,0,0,0,0
38,4,6,7,7,5,6,4,3,3,6,6,6,170,1,0,1,0,0,0,0,0,0,0,0,0,1,0,0,0,0,1,0,0,25,0,0,0,1,0,0
39,5,6,3,7,2,4,3,7,2,5,3,3,340,1,1,0,1,0,0,0,0,0,0,0,0,1,1,0,1,1,0,1,0,35,1,1,0,0,1,0
40,1,4,3,5,3,3,5,4,3,2,1,4,190,1,1,0,0,0,1,0,0,0,0,0,0,1,0,0,1,1,1,0,0,40,1,0,0,1,0,0
41,4,7,3,7,2,4,5,6,1,5,3,3,200,1,1,0,1,0,0,0,0,0,0,0,0,1,1,0,1,1,1,1,0,36,0,1,0,0,0,1
42,2,3,4,2,3,2,3,1,4,2,3,3,220,0,0,0,0,0,0,0,0,0,1,0,0,1,1,0,1,1,0,1,0,32,1,1,0,0,1,0
43,5,6,4,7,3,5,3,3,1,6,5,6,250,1,0,1,0,0,0,0,0,0,0,0,0,1,0,1,0,1,0,1,1,34,1,0,0,0,1,0
44,7,7,3,5,2,4,4,4,1,6,4,4,210,1,1,0,1,0,0,0,0,0,0,0,0,1,1,0,1,1,1,1,1,40,1,1,0,0,1,0
45,4,7,3,7,5,5,5,4,1,7,3,6,200,1,0,1,0,0,0,0,0,0,0,0,0,1,0,0,0,1,0,1,1,35,1,0,0,0,0,0
46,5,5,6,5,3,3,4,3,6,4,4,5,180,0,1,0,0,0,1,0,0,0,0,0,0,1,0,0,0,0,1,0,0,34,1,1,0,0,1,0
47,5,5,4,5,7,6,4,2,1,5,5,4,210,1,0,0,0,0,1,0,0,0,0,0,0,1,1,1,1,1,1,1,0,33,1,1,0,0,1,0
48,6,7,4,7,3,4,5,5,2,6,4,3,230,1,1,0,1,0,0,0,0,0,0,0,0,1,1,1,1,1,0,1,1,43,0,1,0,0,0,1
49,3,1,4,1,7,2,3,1,5,2,3,4,150,1,0,0,0,0,0,0,0,0,0,1,0,1,0,0,1,1,1,0,0,41,1,1,0,0,1,0
50,3,5,5,4,1,3,6,2,3,5,5,4,120,0,0,0,0,0,0,0,0,0,1,0,0,1,1,0,1,1,0,1,0,36,1,1,1,0,0,0
51,7,6,3,7,1,4,4,5,1,5,2,3,180,1,1,0,1,0,0,0,0,0,0,0,0,0,0,0,0,1,1,1,0,38,0,0,0,0,0,0
52,5,5,7,5,5,5,6,3,4,6,5,5,210,0,0,0,0,0,1,0,0,0,0,0,0,1,0,1,1,0,1,1,1,25,0,1,0,1,0,0
53,4,5,4,7,6,7,3,6,3,5,6,4,150,0,0,1,0,0,0,0,0,0,0,0,0,1,0,1,1,0,1,1,0,24,1,0,0,1,0,0
54,4,7,1,5,2,3,6,4,1,1,1,3,230,1,1,0,1,0,0,0,0,0,0,0,0,1,1,1,1,1,0,1,1,40,1,0,0,0,1,0
55,2,6,3,3,7,5,6,3,2,6,3,4,140,1,0,0,0,0,0,0,0,0,0,1,0,0,0,0,1,0,1,0,0,42,1,1,0,1,0,0
56,6,6,4,5,7,5,6,3,1,6,4,7,140,1,1,0,1,0,0,0,0,0,0,0,0,1,1,1,1,1,1,1,0,34,1,0,0,1,0,0
57,5,6,7,1,4,4,6,4,1,7,5,6,240,1,0,1,0,0,0,0,0,0,0,0,0,1,0,1,0,1,0,1,1,31,1,0,0,0,0,1
58,4,7,4,7,4,4,5,4,1,6,4,6,190,1,0,1,0,0,0,0,0,0,0,0,0,1,0,0,0,1,0,0,1,32,1,0,0,0,0,0
59,6,7,6,2,4,6,6,4,1,7,5,6,230,1,0,1,0,0,0,0,0,0,0,0,0,1,0,1,0,0,0,0,1,29,1,0,0,0,0,0
60,3,3,4,4,3,4,5,4,4,2,3,3,240,0,1,0,0,1,0,0,0,0,0,0,0,1,1,0,1,1,0,1,0,41,1,1,0,0,0,1
61,6,4,7,2,5,4,6,3,5,5,5,5,200,0,0,0,0,0,1,0,0,0,0,0,0,1,1,0,0,1,1,1,0,29,1,1,0,1,0,0
62,6,7,1,6,1,3,6,6,3,2,1,4,340,1,1,0,1,0,0,0,0,0,0,0,0,1,1,0,1,1,1,1,1,42,1,0,0,0,1,0
63,6,6,4,6,3,4,6,4,3,4,4,3,380,1,1,0,1,0,0,0,0,0,0,0,0,1,1,1,1,1,0,1,1,39,0,1,0,0,0,1
64,3,3,5,5,4,3,4,2,4,3,4,3,220,0,0,0,0,0,0,1,0,0,0,0,0,1,1,1,1,1,0,1,0,36,1,1,0,0,1,0
65,4,4,6,3,5,4,6,3,4,3,4,4,170,0,0,0,0,0,0,0,0,0,1,0,0,0,0,0,1,0,1,0,0,34,1,1,0,0,1,0
66,5,7,7,7,4,6,5,4,1,6,5,7,270,1,1,1,0,0,0,0,0,0,0,0,0,1,0,0,0,1,0,0,1,35,1,0,0,0,0,1
67,6,6,7,3,6,4,6,3,4,6,5,4,190,0,0,0,0,0,1,0,0,0,0,0,0,1,1,0,0,1,1,1,0,30,1,1,0,0,0,1
68,4,5,5,4,4,3,6,2,4,4,3,3,240,0,1,0,0,0,0,0,0,1,0,0,0,0,0,0,1,0,1,0,0,40,1,0,0,0,1,0
69,2,3,5,5,4,4,5,3,4,1,2,4,170,0,0,0,0,0,0,0,1,0,0,0,0,1,0,1,1,0,1,0,0,41,1,1,1,0,0,0
70,7,7,3,4,2,5,5,7,2,5,3,3,310,1,1,0,1,0,0,0,0,0,0,0,0,1,0,0,1,1,1,1,1,42,1,1,0,0,1,0
71,4,2,4,1,3,4,2,5,6,3,4,3,240,1,1,1,0,0,0,0,0,0,0,0,0,1,1,1,1,1,1,0,0,41,1,0,0,0,1,0
72,3,6,5,5,4,2,5,1,3,4,4,4,180,0,0,0,0,0,0,0,0,0,1,0,0,1,1,1,1,1,0,1,0,35,1,1,1,0,0,0
73,7,7,6,5,4,5,5,4,2,7,5,7,290,1,0,1,0,0,0,0,0,0,0,0,0,1,0,1,0,1,0,1,1,34,1,1,0,0,0,0
74,3,7,7,5,5,5,1,4,5,6,6,3,140,1,0,0,0,0,0,0,0,0,1,0,0,1,0,1,1,0,1,1,0,35,1,1,0,0,0,1
75,4,7,4,4,3,3,4,5,1,5,4,4,190,1,1,0,1,0,0,0,0,0,0,0,0,1,1,1,1,1,1,1,0,40,0,1,0,0,1,0
76,5,5,6,5,5,3,4,2,4,5,4,5,220,0,0,0,0,0,1,0,0,0,0,0,0,1,1,0,0,0,1,0,1,27,1,1,0,0,1,0
77,5,6,6,7,4,6,2,3,4,6,6,6,180,0,0,1,0,0,0,0,0,0,0,0,0,0,1,1,0,0,1,0,0,25,1,0,0,0,1,0
78,4,4,5,3,4,4,1,4,5,3,3,3,170,1,0,0,0,0,0,1,0,0,0,0,0,1,1,0,1,1,0,1,1,37,1,1,0,0,1,0
79,3,4,5,5,4,4,5,3,3,2,2,3,200,1,0,0,0,0,0,0,1,0,0,0,0,1,0,0,1,0,1,0,1,40,1,1,0,0,0,1
80,3,5,4,5,5,6,2,4,2,5,7,4,160,0,0,1,0,0,0,0,0,0,0,0,0,1,1,1,0,1,1,1,0,24,1,0,0,0,1,0
81,4,4,4,4,5,6,3,5,4,6,7,6,180,0,0,1,0,0,0,0,0,0,0,0,0,1,0,1,1,1,1,1,0,25,1,0,0,0,0,1
82,5,3,6,2,5,3,4,2,6,5,5,5,220,1,0,0,0,0,1,0,0,0,0,0,0,1,1,0,0,0,1,0,0,25,1,1,0,0,1,0
83,5,5,5,5,4,3,5,3,5,4,4,5,190,0,0,0,0,1,0,0,0,0,0,0,0,1,1,1,1,1,1,1,0,33,1,1,0,0,0,1
84,3,7,7,6,5,7,7,4,2,7,5,7,240,1,0,1,0,0,0,0,0,0,0,0,0,1,0,0,1,1,0,1,1,27,1,1,0,0,0,1
85,4,4,6,4,5,4,2,1,3,4,4,4,140,0,0,0,0,0,0,0,0,0,1,0,0,1,0,0,1,0,1,0,0,35,1,1,0,0,0,1
86,7,6,3,6,2,3,4,4,1,5,3,4,240,1,1,0,1,0,0,0,0,0,0,0,0,1,1,0,1,1,1,1,1,40,1,1,0,0,0,1
87,4,5,4,4,3,2,6,2,5,3,2,3,150,0,0,0,0,0,0,0,1,0,0,0,0,1,1,0,1,1,1,0,1,44,1,1,1,0,0,0
88,3,4,1,3,4,5,3,1,2,4,4,4,240,0,1,0,1,0,0,0,0,0,0,0,0,1,1,0,1,1,1,1,1,43,1,1,1,0,0,0
89,1,3,6,3,3,1,3,4,4,1,1,4,120,0,0,0,0,0,1,0,0,0,0,0,0,1,1,0,1,1,1,1,0,37,1,1,1,0,0,0
90,3,6,3,7,4,7,6,4,2,7,5,5,240,1,0,1,0,0,0,0,0,0,0,0,0,1,0,1,1,1,0,1,1,35,1,1,0,0,0,1
91,5,6,3,6,3,7,6,4,4,7,5,7,300,1,0,1,0,0,0,0,0,0,0,0,0,1,0,0,1,1,1,1,1,34,1,1,0,0,1,0
92,4,3,4,2,4,2,6,1,4,4,4,3,230,0,1,0,1,0,0,0,0,0,0,0,0,1,0,0,1,1,1,0,0,39,1,1,0,0,1,0
93,1,4,5,4,3,5,3,4,5,7,5,5,160,0,0,0,0,0,0,0,0,0,0,0,0,1,0,0,1,0,1,0,0,39,1,1,0,0,0,1
94,4,6,4,7,2,2,5,4,5,5,3,6,170,1,0,0,0,0,0,0,0,0,0,0,1,1,1,0,1,0,1,0,1,42,1,1,0,0,1,0
95,5,7,3,7,2,5,6,4,6,6,3,5,190,0,1,1,0,0,0,0,0,0,0,0,0,1,1,0,1,1,1,1,0,44,0,1,0,0,1,0
96,4,4,3,4,4,6,6,2,6,4,4,3,240,0,0,0,0,0,0,0,0,0,0,0,0,1,0,0,1,1,1,1,1,39,0,1,0,0,1,0
97,3,2,4,2,3,6,4,4,3,2,3,3,160,1,0,0,0,0,0,0,0,0,0,1,0,1,0,0,1,1,1,1,1,39,1,1,0,1,0,0
98,7,7,1,6,3,3,3,5,3,5,3,4,200,0,1,0,1,0,0,0,0,0,0,0,0,1,1,0,0,0,1,1,1,42,0,1,0,0,1,0
99,5,5,5,5,2,3,6,2,3,2,1,4,120,1,0,0,0,0,0,0,0,0,0,1,0,1,0,0,1,0,1,0,0,39,1,1,0,1,0,0
100,7,6,7,6,2,1,6,5,3,4,3,3,240,0,1,0,1,0,0,0,0,0,0,0,0,0,0,0,0,0,1,1,1,43,1,1,0,0,1,0
101,3,5,1,4,2,5,5,4,3,1,1,3,170,0,1,0,0,1,0,0,0,0,0,0,0,1,0,0,1,0,1,0,1,40,1,1,0,1,0,0
102,5,7,7,4,5,1,6,4,7,3,5,7,160,1,0,0,0,0,0,0,0,0,0,0,0,1,1,1,1,1,0,1,0,25,1,1,0,0,0,1
103,5,4,6,2,6,4,6,1,6,6,4,5,200,0,0,0,1,0,0,0,0,0,0,0,0,1,1,1,0,1,1,0,0,31,1,1,0,1,0,0
104,3,3,3,4,3,3,6,4,3,2,2,4,210,1,1,0,1,0,0,0,0,0,0,0,0,1,0,0,1,1,1,0,0,40,1,1,0,0,0,1
105,4,5,3,5,5,4,5,4,3,6,4,4,290,1,0,1,0,0,0,0,0,0,0,0,0,1,0,0,1,0,1,1,1,31,1,1,0,0,1,0
106,3,3,4,1,3,2,4,1,2,3,4,3,170,1,0,0,0,0,0,0,0,0,0,1,0,1,1,0,1,1,1,0,0,41,0,1,0,0,0,1
107,5,7,7,5,3,5,6,4,6,6,5,7,250,1,0,1,0,0,0,0,0,0,0,0,0,1,0,0,0,1,1,0,1,31,1,0,0,0,1,0
108,3,4,3,4,3,2,6,4,5,7,6,4,280,0,1,1,0,0,0,0,0,0,0,0,0,1,0,0,1,0,1,0,0,38,1,1,0,0,1,0
109,4,5,4,5,5,7,2,6,3,5,7,4,160,0,0,1,0,0,0,0,0,0,0,0,0,0,0,1,0,1,1,0,0,27,0,0,0,0,0,0
110,5,5,3,5,3,2,6,2,2,4,2,3,180,0,0,0,0,0,0,1,0,0,0,0,0,1,0,0,1,0,1,1,1,37,0,1,0,0,0,1
111,3,4,6,4,4,6,5,5,3,5,7,4,210,0,0,1,0,0,0,0,0,0,0,0,0,1,0,0,0,1,1,1,1,27,0,0,0,0,1,0
112,6,6,3,6,3,4,6,4,2,4,4,3,370,0,1,0,1,0,0,0,0,0,0,0,0,1,0,1,1,1,1,1,1,38,0,1,0,0,0,1
113,3,6,7,7,5,6,6,5,1,7,5,6,280,1,0,1,0,0,0,0,0,0,0,0,0,1,0,0,1,1,1,1,1,34,1,0,0,0,0,1
114,3,3,5,3,4,4,4,3,3,2,3,3,120,1,0,0,0,0,0,0,0,0,0,1,0,1,0,0,1,0,1,1,0,39,1,1,0,0,1,0
115,4,6,4,5,4,4,5,5,1,6,4,6,240,1,0,1,0,0,0,0,0,0,0,0,0,1,0,0,0,1,1,0,1,34,1,0,0,0,0,0
116,6,6,7,6,3,4,6,3,4,6,5,4,190,0,0,0,0,0,1,0,0,0,0,0,0,1,1,1,1,1,0,1,0,25,1,1,0,0,1,0
117,4,4,5,4,5,3,6,3,5,3,4,3,100,0,0,0,0,0,0,1,0,0,0,0,0,1,0,0,1,0,1,1,1,38,1,1,0,0,0,1
118,6,7,7,4,6,5,6,4,5,5,5,5,230,1,0,0,0,0,1,0,0,0,0,0,0,1,1,1,1,1,0,1,0,26,1,1,0,0,0,1
119,4,5,4,5,2,2,5,1,1,3,2,4,140,0,0,0,0,0,0,0,1,0,0,0,0,1,0,0,1,0,1,0,0,42,0,1,0,1,0,0
120,4,4,4,4,6,5,4,3,2,5,5,6,170,1,0,0,0,0,0,0,0,0,0,0,0,1,1,1,1,1,1,1,0,35,1,1,0,0,0,1
121,4,4,3,4,3,5,5,7,4,6,5,4,180,0,0,1,0,0,0,0,0,0,0,0,0,1,0,1,1,1,1,0,1,28,0,0,0,0,0,0
122,6,7,6,4,7,5,6,5,1,7,5,7,240,1,0,1,0,0,0,0,0,0,0,0,0,1,0,0,1,1,1,1,1,26,1,0,0,0,0,1
123,3,6,7,7,1,6,6,4,2,5,4,5,190,1,1,0,0,0,0,0,0,1,0,0,0,1,1,0,1,0,1,0,1,44,0,1,0,1,0,0
124,4,3,4,3,1,5,4,7,4,6,5,4,210,0,0,1,0,0,0,0,0,0,0,0,0,0,1,1,0,1,1,0,1,29,0,0,0,0,1,0
125,3,6,7,6,4,7,6,5,2,7,5,7,220,1,0,1,0,0,0,0,0,0,0,0,0,1,0,0,0,1,1,0,1,37,1,0,0,0,0,1
126,5,5,7,5,2,4,6,1,6,5,5,5,200,1,1,0,0,0,0,0,0,0,0,0,1,1,0,0,1,0,1,0,0,39,1,1,0,1,0,0
127,3,6,3,5,5,2,6,6,2,4,3,4,180,1,0,0,0,0,0,0,0,0,1,0,0,1,0,0,1,0,1,0,0,36,1,1,0,1,0,0
128,5,4,5,6,6,7,2,6,6,5,5,4,230,1,0,1,0,0,0,0,0,0,0,0,0,1,1,1,0,1,1,0,1,28,1,0,0,0,0,1
129,7,5,7,4,6,4,6,4,6,3,4,4,200,1,0,0,0,0,1,0,0,0,0,0,0,1,1,1,1,1,0,1,0,25,0,1,0,0,1,0
130,4,4,3,3,4,3,6,2,3,2,3,4,180,0,1,0,0,0,0,0,0,0,1,0,0,1,0,0,1,0,1,0,0,39,1,1,0,1,0,0
131,5,6,6,6,3,4,6,5,1,7,5,5,280,1,0,1,0,0,0,0,0,0,0,0,0,1,0,0,1,1,1,1,1,33,1,0,0,0,0,1
132,5,5,7,4,6,4,6,2,2,6,5,5,200,0,0,0,0,0,1,0,0,0,0,0,0,1,1,0,0,0,1,0,0,25,1,1,0,1,0,0
133,4,4,4,4,3,4,5,3,3,6,5,4,190,1,0,1,0,0,0,0,0,0,0,0,0,1,1,1,1,1,0,1,1,26,1,1,0,0,0,1
134,7,7,4,5,3,4,6,5,4,6,5,7,270,1,0,1,0,0,0,0,0,0,0,0,0,1,0,0,1,1,1,1,1,33,1,0,0,0,1,0
135,2,4,1,3,1,2,3,1,3,1,1,3,230,0,0,0,0,1,0,0,0,0,0,0,0,1,1,0,1,1,1,1,0,41,1,1,0,1,0,0
136,4,4,4,3,5,6,2,4,2,5,7,4,130,0,0,0,1,0,0,0,0,0,0,0,0,1,1,1,1,1,0,1,1,25,1,1,0,0,0,0
137,4,6,4,6,3,4,5,4,3,6,4,5,150,0,0,0,0,0,0,1,0,0,0,0,0,1,1,0,1,1,0,1,0,38,1,1,0,1,0,0
138,4,5,6,5,4,4,6,5,2,4,4,4,330,1,1,0,1,0,0,0,0,0,0,0,0,1,0,0,0,1,1,0,1,34,1,0,0,0,0,0
139,4,7,3,7,2,4,6,6,2,5,2,3,190,1,1,0,1,0,0,0,0,0,0,0,0,0,1,1,0,0,1,1,0,40,1,1,0,0,1,0
140,7,7,1,7,2,3,5,5,1,1,1,1,200,1,1,0,1,0,0,0,0,0,0,0,0,1,1,1,1,1,0,1,0,43,1,0,0,0,1,0
141,5,5,7,5,5,4,6,3,7,5,5,5,180,1,1,0,0,0,1,0,0,0,0,0,0,1,1,0,0,0,1,0,0,31,0,1,0,1,0,0
142,3,4,5,4,4,6,4,4,6,6,6,4,170,0,0,0,1,0,0,0,0,0,0,0,0,1,0,1,1,1,0,1,1,28,0,1,0,0,0,0
143,3,4,7,5,3,5,6,5,3,6,4,5,320,1,1,0,1,0,0,0,0,0,0,0,0,1,0,0,1,1,1,1,1,34,1,0,0,0,0,0
144,4,3,5,3,4,4,3,4,2,3,4,4,190,1,0,0,0,0,0,0,0,1,0,0,0,1,1,0,1,1,1,1,1,42,1,0,1,0,0,0
145,4,7,4,7,3,5,4,5,3,7,3,7,240,1,1,0,1,0,0,0,0,0,0,0,0,1,0,0,1,1,0,1,1,37,1,0,0,0,1,0
146,4,5,3,4,4,6,3,7,5,5,7,4,250,1,1,0,1,0,0,0,0,0,0,0,0,1,0,0,1,1,0,0,1,28,0,0,0,0,1,0
147,4,4,5,3,2,3,3,4,6,1,2,4,130,1,0,0,0,0,0,0,0,0,0,1,0,1,1,0,1,1,0,1,0,40,1,1,1,0,0,0
148,3,3,7,3,3,3,3,4,3,2,3,4,220,0,0,0,0,0,0,0,0,0,0,0,0,1,1,0,1,0,1,1,0,43,1,1,1,0,0,0
149,2,4,7,4,3,3,3,4,6,3,3,4,140,0,1,0,0,0,0,0,0,0,0,0,0,1,1,0,1,1,1,1,0,45,1,0,1,0,0,0
150,3,7,5,5,4,6,5,5,2,7,5,5,240,1,1,0,1,0,0,0,0,0,0,0,0,1,0,0,1,1,1,1,1,35,1,0,0,0,0,0
151,3,5,6,4,3,2,3,3,4,5,4,3,180,0,0,0,0,0,0,0,0,0,0,0,0,1,1,0,0,0,1,1,0,41,1,1,1,0,0,0
152,2,4,3,7,2,3,3,5,3,4,3,4,190,0,0,0,1,0,0,0,0,0,0,0,0,1,1,0,1,1,1,1,1,39,1,0,1,0,0,0
153,5,6,7,7,3,5,6,5,3,6,4,7,230,1,0,0,1,0,0,0,0,0,0,0,0,1,0,0,1,1,1,0,1,36,1,0,0,0,1,0
154,3,4,5,4,4,3,3,2,3,3,3,3,190,1,0,0,0,1,0,0,0,0,0,0,0,1,1,0,1,1,0,1,0,39,1,1,1,0,0,0
155,5,5,7,4,5,4,6,1,7,5,5,5,150,0,0,0,0,0,1,0,0,0,0,0,0,1,1,0,0,0,1,0,0,25,0,1,0,1,0,0
156,6,6,4,5,3,5,6,5,2,7,5,7,180,1,0,0,1,0,0,0,0,0,0,0,0,1,0,0,1,1,1,1,1,31,1,0,0,0,0,0
157,4,6,7,7,2,4,3,4,1,5,3,4,150,0,0,0,0,0,0,0,0,0,0,0,1,1,0,0,0,1,1,1,0,41,1,1,1,0,0,0
158,5,7,1,5,2,3,6,6,4,1,1,4,240,1,1,0,1,0,0,0,0,0,0,0,0,0,0,0,0,1,1,1,0,41,0,1,0,0,0,0
159,2,3,4,3,3,3,1,4,3,7,5,4,130,0,0,0,0,0,0,0,0,0,0,0,1,1,0,0,0,1,1,1,1,40,1,1,1,0,0,0
160,4,6,2,6,2,4,6,7,2,4,3,3,310,1,1,0,1,0,0,0,0,0,0,0,0,0,0,0,0,1,1,1,1,39,0,1,0,0,1,0
161,7,6,1,7,1,3,6,6,1,3,1,4,320,0,0,0,1,0,0,0,0,0,0,0,0,0,0,0,0,1,1,1,1,43,1,0,0,0,1,0
162,7,7,2,6,2,3,5,4,1,4,1,3,330,0,1,0,0,1,0,0,0,0,0,0,0,1,1,0,1,1,1,1,0,37,1,0,0,0,0,0
163,4,6,4,7,3,5,4,5,1,6,4,6,260,1,0,0,1,0,0,0,0,0,0,0,0,1,0,0,1,1,1,1,1,28,1,0,0,0,1,0
164,3,7,4,5,3,4,4,5,1,6,4,5,260,1,0,0,1,0,0,0,0,0,0,0,0,1,0,0,0,1,1,0,1,30,1,0,0,0,0,0
165,4,6,2,6,2,3,6,4,1,3,1,4,230,0,0,0,0,1,0,0,0,0,0,0,0,0,1,0,0,1,1,1,0,41,1,1,0,0,1,0
166,3,5,4,2,3,2,3,3,4,4,3,4,230,1,0,0,0,0,0,0,0,0,1,0,0,1,0,0,0,0,1,1,1,35,1,1,1,0,0,0
167,7,7,3,6,2,4,4,4,1,5,3,4,170,1,0,0,0,1,0,0,0,0,0,0,0,0,0,0,0,1,1,1,0,42,0,1,0,0,0,1
168,5,7,6,1,4,5,6,5,1,7,5,7,200,1,0,0,1,0,0,0,0,0,0,0,0,1,0,0,0,1,1,0,1,25,1,0,0,0,1,0
169,5,5,6,2,4,3,3,2,4,4,4,3,200,1,0,0,0,0,0,0,0,0,1,0,0,1,0,0,0,0,1,1,1,35,1,1,1,0,0,0
170,2,3,3,3,3,3,4,4,4,2,2,4,160,0,0,0,0,0,0,0,1,0,0,0,0,1,1,0,1,1,1,1,0,42,1,1,1,0,0,0
171,3,4,4,5,3,3,3,4,3,3,2,4,190,0,0,0,0,1,0,0,0,0,0,0,0,1,1,0,1,1,0,1,0,43,1,1,1,0,0,0
172,5,6,3,2,3,4,3,4,1,6,4,5,150,1,0,0,0,0,0,0,0,0,0,0,1,1,0,0,0,0,1,1,0,40,1,1,1,0,0,0
173,6,7,7,5,5,6,6,5,1,7,5,7,240,1,0,0,1,0,0,0,0,0,0,0,0,1,1,1,1,1,0,1,1,25,1,0,0,0,0,1
174,5,5,2,5,2,1,3,1,2,2,1,4,210,1,0,0,0,0,0,0,1,0,0,0,0,1,0,0,0,1,1,1,1,40,1,1,1,0,0,0
175,3,6,2,5,2,2,3,4,3,4,2,3,250,0,1,0,0,0,0,0,0,1,0,0,0,1,0,0,1,0,1,1,1,40,1,0,1,0,0,0
176,3,3,3,4,3,3,3,5,6,2,3,3,200,1,0,0,0,0,0,0,0,0,0,0,0,1,1,0,0,1,1,1,1,40,1,0,1,0,0,0
177,6,6,4,3,3,4,6,5,2,7,5,5,260,1,0,0,1,0,0,0,0,0,0,0,0,1,1,1,1,1,0,1,1,25,1,0,0,0,1,0
178,4,7,3,1,2,4,3,3,2,5,4,5,230,0,1,1,0,0,0,0,0,0,0,0,0,1,0,0,0,0,1,1,0,40,1,0,1,0,0,0
179,3,2,4,1,3,3,4,3,5,3,3,3,160,1,0,0,0,1,0,0,0,0,0,0,0,1,1,0,1,1,1,1,0,43,1,1,1,0,0,0
180,2,5,5,5,4,3,1,1,4,3,4,3,140,0,0,0,0,0,0,0,1,0,0,0,0,1,0,0,0,1,1,1,0,39,1,1,1,0,0,0
181,5,3,7,1,4,6,6,5,1,7,5,7,230,1,0,0,1,0,0,0,0,0,0,0,0,1,0,0,0,1,1,0,1,31,1,0,0,0,0,1
182,4,6,5,1,4,5,2,4,3,6,6,4,140,1,1,0,1,0,0,0,0,0,0,0,0,1,0,1,1,1,0,1,1,28,0,0,0,1,0,0
183,4,1,5,4,4,5,2,4,3,5,6,4,130,0,0,0,1,0,0,0,0,0,0,0,0,0,1,1,1,1,0,0,1,31,0,1,0,0,0,1
184,3,1,4,3,3,4,3,4,4,2,3,3,120,1,0,0,0,1,0,0,0,0,0,0,0,1,0,0,0,0,1,1,0,46,1,1,1,0,0,0
185,5,1,4,3,4,2,3,2,3,4,4,3,200,0,0,0,0,0,0,0,0,0,1,0,0,1,0,0,1,0,1,1,1,34,1,0,1,0,0,0
186,5,6,7,5,3,5,6,5,1,7,5,7,250,1,0,0,1,0,0,0,0,0,0,0,0,1,1,1,1,1,0,1,1,39,1,0,0,0,0,1
187,5,5,5,4,4,5,3,4,3,5,5,4,180,0,1,0,1,0,0,0,0,0,0,0,0,1,1,1,1,1,0,1,1,30,0,0,0,0,1,0
188,5,6,5,5,4,3,3,2,5,4,3,4,200,1,0,0,0,0,0,0,1,0,0,0,0,1,1,0,1,1,1,1,1,34,1,1,1,0,0,0
189,4,1,5,3,4,6,2,7,2,5,6,6,160,0,0,0,1,0,0,0,0,0,0,0,0,1,1,1,1,1,0,1,1,29,0,1,0,0,0,1
190,4,2,7,5,6,5,6,2,3,6,5,4,200,0,0,0,0,0,0,0,0,0,0,1,0,1,1,1,0,1,1,0,0,34,0,1,0,1,0,0
191,4,6,5,1,4,3,4,3,5,4,5,3,190,0,0,0,0,0,1,0,0,0,0,0,0,1,1,0,1,1,1,1,1,35,1,1,1,0,0,0
192,3,6,5,4,4,3,3,3,3,3,3,4,220,1,1,0,1,0,0,0,0,0,0,0,0,1,0,0,1,0,1,1,0,41,1,0,1,0,0,0
193,3,4,4,5,3,2,3,3,3,4,3,4,270,1,0,0,1,0,0,0,0,0,0,0,0,1,0,0,1,0,1,1,1,38,1,1,0,1,0,0
194,6,2,7,6,5,4,6,2,5,5,5,4,150,0,0,0,0,0,1,0,0,0,0,0,0,1,1,1,1,0,1,1,0,25,0,1,0,1,0,0
195,3,4,6,4,4,3,3,2,3,7,6,4,200,0,0,0,0,0,0,0,0,0,1,0,0,1,1,0,1,1,1,1,1,35,1,1,0,1,0,0
196,4,1,6,2,4,6,2,5,2,5,7,6,190,0,0,0,1,0,0,0,0,0,0,0,0,1,0,1,1,1,0,1,1,25,1,1,0,0,1,0
197,4,7,7,5,4,6,6,5,4,7,5,6,240,1,0,0,1,0,0,0,0,0,0,0,0,1,0,0,0,1,1,0,1,28,1,0,0,0,0,1
198,4,2,2,1,3,1,3,1,2,2,3,4,180,1,1,0,0,1,0,0,0,0,0,0,0,1,1,0,1,1,1,1,0,44,1,1,0,1,0,0
199,2,4,5,4,5,4,1,4,3,4,2,4,120,0,0,0,0,0,0,1,0,0,0,0,0,1,0,0,0,0,1,1,1,39,1,1,0,1,0,0
200,3,5,5,4,1,2,3,2,3,5,5,4,180,1,0,0,0,0,0,0,0,0,1,0,0,1,0,0,0,0,1,1,0,34,1,1,0,1,0,0
201,5,6,4,6,1,4,6,4,2,3,3,3,340,0,0,0,0,1,0,0,0,0,0,0,0,1,1,0,1,1,1,1,0,39,1,1,0,0,0,1
202,5,7,4,6,2,4,6,4,4,3,2,3,320,1,0,0,0,1,0,0,0,0,0,0,0,1,0,0,1,1,1,1,1,36,0,1,0,0,0,1
203,6,4,5,2,6,2,6,2,5,5,5,5,160,0,0,0,0,0,0,1,0,0,0,0,0,1,1,1,1,1,0,1,0,25,1,1,0,1,0,0
204,4,5,4,5,3,4,3,3,1,3,3,5,180,1,1,0,0,0,0,0,0,0,0,0,1,1,0,0,0,0,1,1,0,45,1,0,0,1,0,0
205,6,6,3,6,3,4,6,5,1,4,3,3,370,0,1,0,0,1,0,0,0,0,0,0,0,0,0,0,0,1,1,1,1,43,0,1,0,0,0,0
206,3,3,4,3,3,3,3,3,6,3,3,4,190,0,1,0,0,0,1,0,0,0,0,0,0,1,0,0,0,0,1,1,1,39,1,0,0,1,0,0
207,2,3,4,3,4,4,1,3,6,3,2,4,170,1,1,0,0,1,0,0,0,0,0,0,0,1,1,0,0,1,1,1,0,42,0,0,0,1,0,0
208,5,7,6,7,5,6,6,4,6,6,5,7,250,1,0,0,1,0,0,0,0,0,0,0,0,1,1,1,0,1,0,1,1,32,1,0,0,0,1,0
209,3,7,5,4,5,3,4,4,3,5,3,3,180,1,1,0,0,0,0,0,0,0,0,0,0,1,0,0,0,1,1,1,0,40,1,1,0,1,0,0
210,4,7,4,5,5,4,4,4,4,6,5,4,150,0,0,0,1,0,0,0,0,0,0,0,0,1,0,1,1,1,0,0,1,25,1,1,0,1,0,0
211,5,6,7,7,4,5,6,3,6,6,5,5,170,0,1,0,1,0,0,0,0,0,0,0,0,1,1,1,0,1,1,0,0,32,1,0,0,1,0,0
212,4,4,5,3,2,6,4,6,4,5,6,6,210,0,1,0,1,0,0,0,0,0,0,0,0,1,0,0,1,0,0,0,1,25,1,0,0,1,0,0
213,3,3,3,3,2,2,3,3,2,2,2,3,150,0,0,0,0,1,0,0,0,0,0,0,0,1,1,0,0,0,1,1,0,43,1,1,0,1,0,0
214,4,5,5,5,4,5,2,4,3,5,6,4,250,1,0,0,1,0,0,0,0,0,0,0,0,1,0,1,1,0,0,0,1,30,0,1,0,0,1,0
215,6,6,7,7,5,5,6,4,4,4,5,5,220,1,0,0,0,0,1,0,0,0,0,0,0,1,1,1,0,1,1,0,0,32,1,1,0,0,1,0
216,5,5,7,5,5,4,6,3,3,5,5,5,200,0,0,0,0,0,1,0,0,0,0,0,0,1,1,1,0,1,0,0,0,29,1,1,0,1,0,0
217,5,7,3,7,3,4,6,5,3,2,3,3,380,0,0,0,0,1,0,0,0,0,0,0,0,0,0,0,0,1,1,1,0,37,0,1,0,0,0,0
218,4,5,4,4,5,6,2,3,3,5,7,4,160,0,0,0,1,0,0,0,0,0,0,0,0,0,1,1,1,0,0,1,1,25,1,1,0,1,0,0
219,6,5,7,4,6,4,6,1,5,6,4,4,200,0,0,0,0,0,1,0,0,0,0,0,0,1,1,1,0,1,0,0,0,28,1,1,0,1,0,0
220,5,6,7,6,4,4,6,4,1,7,4,5,240,1,0,0,1,0,0,0,0,0,0,0,0,1,0,1,0,1,1,1,1,34,1,0,0,0,0,1
221,4,6,2,7,2,4,6,7,1,4,2,3,220,0,1,0,0,1,0,0,0,0,0,0,0,1,1,0,0,1,1,1,1,38,0,0,0,0,1,0
222,1,2,3,1,3,3,2,3,4,2,3,3,180,0,0,0,0,0,1,0,0,0,0,0,0,0,1,0,0,1,1,1,0,38,1,0,0,1,0,0
223,3,2,6,1,4,4,2,3,4,2,4,3,150,1,0,0,0,0,0,1,0,0,0,0,0,1,1,0,0,1,1,1,1,35,0,1,0,1,0,0
224,4,7,4,4,3,4,6,4,1,7,5,5,270,1,1,0,1,0,0,0,0,0,0,0,0,1,0,0,0,1,1,0,1,34,1,0,0,0,1,0
225,5,4,3,3,3,1,3,1,3,3,3,4,200,0,0,0,0,0,0,0,0,0,0,0,0,1,0,0,0,0,1,1,0,40,1,1,0,1,0,0
226,5,7,3,7,2,4,6,6,1,5,3,5,330,1,0,0,0,1,0,0,0,0,0,0,0,1,0,0,0,1,1,1,1,39,1,0,0,0,0,1
227,4,5,2,7,2,3,3,4,3,2,2,3,190,0,0,0,0,0,0,1,0,0,0,0,0,1,0,0,0,0,1,1,0,38,0,1,0,0,1,0
228,3,7,3,6,3,1,3,1,2,3,2,4,160,1,0,0,0,0,0,0,1,0,0,0,0,0,0,0,0,0,1,1,0,36,1,1,0,1,0,0
229,4,6,7,6,3,5,5,4,7,6,5,7,270,1,0,0,1,0,0,0,0,0,0,0,0,1,0,0,0,1,1,0,1,32,1,0,0,0,0,0
230,4,2,4,3,5,7,2,7,4,5,7,4,200,1,0,0,1,0,0,0,0,0,0,0,0,1,1,1,1,1,0,0,1,29,0,1,0,0,0,1
231,7,7,2,4,2,3,3,4,2,4,3,3,230,0,1,0,0,1,0,0,0,0,0,0,0,1,1,0,0,1,1,1,1,45,1,1,0,0,1,0
232,3,4,7,7,3,3,3,4,1,6,4,5,140,1,0,1,0,0,0,0,0,0,0,0,0,1,1,0,0,1,1,1,0,41,1,1,0,0,0,0
233,7,7,1,4,1,4,6,6,4,2,2,4,340,1,1,0,0,1,0,0,0,0,0,0,0,0,0,0,0,0,1,1,1,39,1,0,0,0,1,0
234,3,5,6,5,4,3,3,4,4,5,4,5,180,0,0,0,0,0,0,0,0,0,0,0,1,0,0,0,0,0,1,1,1,39,0,1,0,0,1,0
235,2,3,3,7,3,3,3,5,3,4,4,4,130,1,0,0,0,0,0,0,0,0,0,1,0,1,1,0,0,1,1,1,0,39,0,1,0,0,1,0
236,3,3,3,3,3,1,3,2,4,3,3,4,200,1,0,0,0,0,0,0,0,0,0,1,0,0,0,0,0,0,1,1,1,40,1,1,0,0,0,0
237,4,7,7,5,3,5,5,6,7,6,5,7,220,1,0,0,1,0,0,0,0,0,0,0,0,1,0,1,0,1,1,1,1,30,1,0,0,0,0,0
238,5,6,3,6,2,4,6,4,1,6,4,5,320,1,1,0,0,1,0,0,0,0,0,0,0,1,1,0,0,0,1,1,0,42,1,0,0,0,1,0
239,4,1,4,4,5,7,3,5,2,5,7,4,140,0,0,0,1,0,0,0,0,0,0,0,0,1,1,1,1,0,0,0,1,31,1,1,0,1,0,0
240,4,5,3,6,2,4,3,4,3,5,4,5,230,1,0,0,0,0,0,0,0,0,0,0,0,1,1,0,0,1,1,1,1,41,1,1,0,0,0,0
241,4,5,6,5,4,6,3,4,2,5,5,4,190,1,0,0,1,0,0,0,0,0,0,0,0,1,1,1,1,1,0,1,1,27,1,1,0,1,0,0
242,5,7,6,4,4,5,6,6,1,7,5,7,190,1,0,0,1,0,0,0,0,0,0,0,0,1,0,1,0,1,1,1,1,31,1,0,0,0,0,0
243,2,3,3,7,3,3,4,5,3,2,2,4,180,1,0,0,0,0,0,1,0,0,0,0,0,1,1,0,0,1,1,1,1,38,0,1,0,0,0,1
244,5,1,6,4,4,4,3,5,6,4,5,4,170,1,0,0,0,0,1,0,0,0,0,0,0,1,1,0,0,1,1,1,1,32,0,1,0,0,0,1
245,5,7,2,7,2,3,6,5,2,3,2,3,340,1,0,0,0,1,0,0,0,0,0,0,0,0,0,0,0,0,1,1,0,43,1,1,0,0,0,0
246,6,7,3,6,3,4,6,5,2,3,3,3,330,0,0,0,0,1,0,0,0,0,0,0,0,1,1,0,0,1,0,1,0,39,1,1,0,0,0,0
247,5,6,6,4,4,6,6,6,4,7,5,6,290,1,0,0,1,0,0,0,0,0,0,0,0,1,0,1,0,1,1,0,1,33,1,1,0,0,0,1
248,4,6,5,4,3,4,4,6,1,7,5,5,240,1,0,0,1,0,0,0,0,0,0,0,0,1,0,0,0,1,1,0,1,26,1,1,0,0,0,0
249,3,5,3,6,3,2,3,4,3,5,3,3,210,0,1,0,0,0,0,0,0,0,0,0,1,0,0,0,0,0,1,1,0,39,0,1,0,0,1,0
250,3,5,3,5,3,2,3,3,4,3,3,4,150,1,0,0,0,1,0,0,0,0,0,0,0,1,1,0,0,1,1,1,0,46,1,1,1,0,0,0
251,2,2,5,2,3,2,4,2,6,2,2,3,180,0,0,0,0,0,1,0,0,0,0,0,0,1,1,0,0,1,1,1,1,32,0,1,0,0,1,0
252,7,7,4,7,2,4,6,5,2,2,1,3,310,0,0,0,0,1,0,0,0,0,0,0,0,0,0,0,0,0,1,1,1,40,0,1,0,0,0,1
253,3,4,7,4,3,3,3,5,6,2,2,3,160,0,0,0,0,1,0,0,0,0,0,0,0,1,1,0,0,1,1,1,1,40,1,1,0,0,1,0
254,3,3,2,4,3,3,3,4,3,2,2,3,220,1,0,0,0,0,0,0,0,0,0,1,0,1,1,0,0,1,1,1,0,39,0,1,0,0,1,0
255,3,5,4,7,5,7,4,7,2,5,7,4,170,1,0,0,1,0,0,0,0,0,0,0,0,1,0,1,1,0,0,0,1,26,1,1,0,0,1,0
256,4,4,3,4,3,6,4,5,3,5,6,4,230,0,0,0,1,0,0,0,0,0,0,0,0,1,0,0,1,0,0,1,1,26,1,1,0,1,0,0
257,1,5,1,7,3,5,6,6,3,6,3,3,230,0,1,0,0,1,0,0,0,0,0,0,0,1,1,0,0,1,0,1,1,42,1,0,0,0,0,1
258,2,3,1,4,3,5,3,6,1,6,5,4,200,0,0,0,0,1,0,0,0,0,0,0,0,1,0,0,0,1,1,1,0,39,0,1,0,0,0,1
259,4,7,1,7,2,4,3,5,4,5,3,4,190,0,0,0,0,0,0,0,1,0,0,0,0,1,0,0,0,1,1,1,1,39,0,1,0,0,1,0
260,3,5,2,5,2,4,4,5,2,5,4,3,220,0,1,0,0,1,0,0,0,0,0,0,0,0,1,0,0,1,1,1,1,40,0,0,0,0,1,0
261,2,4,4,5,2,4,3,3,3,3,2,4,230,0,0,0,0,0,0,0,0,0,0,1,0,1,0,0,0,0,1,1,1,36,0,1,0,0,1,0
262,2,5,4,6,2,4,3,6,1,3,2,4,210,0,1,0,0,1,0,0,0,0,0,0,0,1,1,0,0,1,1,1,0,45,1,1,0,0,1,0
263,3,5,4,6,4,6,3,6,4,5,7,4,250,1,0,0,1,0,0,0,0,0,0,0,0,1,0,1,1,1,0,0,1,29,1,0,0,0,1,0
264,4,4,7,3,4,3,3,1,5,4,4,3,120,0,0,0,0,0,1,0,0,0,0,0,0,1,0,0,0,0,1,1,0,37,1,1,0,0,1,0
265,4,4,4,2,3,2,4,2,4,3,3,4,170,0,0,0,0,0,0,0,0,0,0,1,0,1,1,0,0,1,1,1,0,38,0,1,0,0,1,0
266,3,5,1,5,3,4,4,4,6,5,4,5,230,1,1,0,0,0,0,0,0,0,0,0,1,1,0,0,0,1,1,1,0,40,0,1,0,0,1,0
267,6,6,6,4,3,5,6,6,4,6,5,7,250,1,0,0,1,0,0,0,0,0,0,0,0,1,0,0,0,1,1,0,1,30,1,1,0,0,0,0
268,3,3,6,2,4,4,3,3,3,2,4,3,120,1,0,0,0,0,0,1,0,0,0,0,0,1,1,0,0,1,1,1,0,38,0,1,0,0,0,1
269,4,6,4,5,3,4,5,6,1,7,5,5,210,1,1,0,1,0,0,0,0,0,0,0,0,1,0,0,0,1,1,0,1,34,1,0,0,0,1,0
270,6,5,5,5,3,6,4,6,1,7,4,6,220,1,0,0,1,0,0,0,0,0,0,0,0,1,0,1,0,1,1,1,1,33,1,1,0,0,0,0
271,4,6,5,5,4,3,4,3,3,4,3,6,150,1,1,0,0,0,0,0,0,0,0,0,1,1,0,0,0,0,1,1,1,40,0,1,0,1,0,0
272,3,5,6,4,4,5,4,4,2,6,5,4,130,1,0,0,0,1,0,0,0,0,0,0,0,0,1,1,1,0,0,1,1,26,0,1,0,0,0,0
273,1,4,4,5,3,3,2,3,3,2,2,4,120,0,0,0,0,0,0,1,0,0,0,0,0,1,1,0,0,0,1,1,0,42,1,1,1,0,0,0
274,3,4,6,4,4,4,1,2,2,4,4,4,110,0,0,0,0,0,0,1,0,0,0,0,0,1,0,0,0,0,1,1,0,35,1,1,0,1,0,0
275,4,5,5,5,4,3,4,3,4,3,3,3,130,0,0,0,0,1,0,0,0,0,0,0,0,1,0,0,0,0,1,1,1,40,1,1,0,1,0,0
276,4,5,4,4,3,4,3,2,1,3,4,4,210,1,0,0,0,0,0,0,0,0,1,0,0,1,0,0,0,0,1,1,1,39,1,1,0,0,1,0
277,3,4,4,4,3,5,6,6,1,7,5,6,180,1,0,0,1,0,0,0,0,0,0,0,0,1,0,0,0,1,1,0,1,34,1,0,0,0,0,0
278,4,3,5,1,4,3,3,3,5,3,5,3,190,1,0,0,0,0,0,0,0,0,1,0,0,1,0,0,0,0,1,1,1,35,1,1,0,0,1,0
279,4,4,7,5,4,6,3,4,2,6,5,6,200,1,0,0,0,1,0,0,0,0,0,0,0,1,1,1,1,0,0,1,1,25,1,1,0,0,0,0
280,3,7,4,3,4,3,3,3,5,3,3,3,200,1,0,0,0,1,0,0,0,0,0,0,0,1,1,0,0,0,1,1,1,41,0,1,0,0,0,1
281,5,6,6,5,4,6,4,6,5,6,5,7,200,1,0,0,1,0,0,0,0,0,0,0,0,1,0,1,0,1,1,1,1,34,1,1,0,0,0,1
282,5,5,5,4,3,4,4,6,2,7,5,6,210,1,0,0,1,0,0,0,0,0,0,0,0,1,0,1,0,1,1,1,1,25,1,1,0,0,0,1
283,2,5,2,4,2,4,4,5,1,4,3,4,310,1,1,0,0,1,0,0,0,0,0,0,0,0,1,0,0,1,1,1,1,39,0,0,0,0,0,0
284,3,3,1,3,1,2,3,3,1,1,1,3,120,0,1,0,0,0,0,0,1,0,0,0,0,1,1,0,0,1,1,1,0,44,1,1,0,1,0,0
285,3,5,5,5,4,3,3,2,3,3,3,4,220,1,1,0,0,1,0,0,0,0,0,0,0,0,0,0,0,0,1,1,0,39,0,1,0,0,1,0
286,6,4,4,4,3,4,3,4,3,5,5,5,140,1,0,0,0,0,0,0,1,0,0,0,0,1,0,0,0,1,1,1,0,40,1,1,0,1,0,0
287,4,3,6,4,5,3,3,2,3,4,4,4,120,1,0,0,0,0,0,0,0,1,0,0,0,1,1,0,0,1,1,1,0,40,0,1,0,0,1,0
288,2,7,3,7,2,5,6,7,2,6,3,4,320,0,0,0,0,1,0,0,0,0,0,0,0,1,0,0,0,1,1,1,1,36,1,0,0,0,0,0
289,7,1,4,4,3,2,3,3,4,7,6,4,200,1,0,0,1,0,0,0,0,0,0,0,0,1,0,0,0,0,1,1,0,39,0,1,0,0,0,1
290,2,5,4,4,3,3,3,2,3,2,2,4,170,1,1,0,1,0,0,0,0,0,0,0,0,1,1,0,0,1,1,1,1,46,0,1,0,0,1,0
291,6,4,7,5,6,5,6,2,5,3,4,5,120,0,0,0,0,0,1,0,0,0,0,0,0,1,1,1,0,1,0,0,0,25,1,1,0,1,0,0
292,5,6,7,5,5,5,6,4,4,4,5,5,250,1,0,0,0,0,0,1,0,0,0,0,0,1,1,1,0,1,0,1,0,31,1,1,1,0,0,0
293,5,3,6,5,4,5,3,4,3,5,6,4,170,1,0,0,0,1,0,0,0,0,0,0,0,1,0,1,1,0,0,1,1,27,1,1,0,1,0,0
294,2,7,4,6,3,5,5,4,3,3,4,4,170,0,0,0,0,1,0,0,0,0,0,0,0,0,0,0,0,1,1,1,0,36,0,0,0,0,1,0
295,4,6,5,2,4,3,3,3,5,4,5,3,140,0,0,0,0,0,0,1,0,0,0,0,0,0,0,0,0,0,1,1,1,32,1,1,0,1,0,0
296,4,6,4,4,3,4,6,6,1,6,4,5,210,0,0,0,1,0,0,0,0,0,0,0,0,1,1,1,0,1,0,1,1,35,1,1,0,0,1,0
297,6,4,3,4,3,2,3,3,3,4,4,3,220,1,0,0,0,0,1,0,0,0,0,0,0,0,1,0,0,1,1,1,0,32,0,1,0,0,1,0
298,7,7,6,7,2,4,5,6,3,1,1,3,210,0,0,0,0,1,0,0,0,0,0,0,0,0,0,0,0,1,1,1,0,40,1,0,0,0,0,0
299,4,4,5,3,4,3,4,1,4,4,4,3,200,1,0,0,0,0,0,0,0,0,0,1,0,0,0,0,0,0,1,1,1,39,0,1,0,0,1,0
300,4,4,1,4,5,4,2,3,4,4,5,4,150,0,0,0,0,0,0,1,0,0,0,0,0,1,0,0,0,0,1,1,1,37,1,1,0,0,1,0
301,5,7,3,5,3,5,7,6,1,6,4,6,250,1,1,0,1,0,0,0,0,0,0,0,0,1,1,1,0,1,1,1,1,39,1,0,0,0,0,0
302,3,5,5,4,4,6,4,6,2,7,5,7,210,1,0,0,1,0,0,0,0,0,0,0,0,1,0,0,0,1,1,1,1,41,1,0,0,0,0,0
303,6,6,4,5,4,2,4,1,2,5,4,3,230,0,0,0,0,0,1,0,0,0,0,0,0,1,0,0,0,0,1,1,0,37,1,1,0,0,1,0
304,3,2,1,1,5,4,3,2,4,2,4,3,170,0,0,0,0,1,0,0,0,0,0,0,0,1,1,0,0,1,1,1,1,42,1,1,0,0,1,0
305,7,5,6,4,4,2,1,2,3,4,4,4,220,1,0,0,0,0,0,0,0,0,1,0,0,0,0,0,0,0,1,1,0,33,0,1,0,0,1,0
306,4,5,5,5,2,3,3,6,2,4,2,4,180,1,0,0,0,0,0,1,0,0,0,0,0,0,0,0,0,0,1,1,0,37,1,1,0,0,0,1
307,6,5,6,4,4,6,5,6,1,7,5,6,210,0,1,0,1,0,0,0,0,0,0,0,0,1,1,1,0,1,1,1,0,37,1,0,0,0,1,0
308,3,5,1,4,2,5,3,6,1,5,3,3,220,1,1,0,0,1,0,0,0,0,0,0,0,1,1,0,0,1,1,1,1,45,0,0,0,0,0,1
309,5,6,4,4,3,5,6,6,2,7,5,7,310,1,0,0,1,0,0,0,0,0,0,0,0,1,1,1,0,1,0,1,1,39,1,0,0,0,0,1
310,5,4,2,3,3,2,3,2,2,4,3,3,150,0,0,0,0,0,0,0,0,0,0,1,0,0,0,0,0,0,1,1,0,42,0,1,0,0,1,0
311,3,4,2,5,3,3,3,5,5,2,1,4,190,1,1,0,0,0,0,0,0,0,0,0,1,0,0,0,0,0,1,1,1,47,1,1,0,0,0,1
312,5,5,5,5,5,4,6,4,4,4,4,4,260,1,1,0,1,0,0,0,0,0,0,0,0,1,1,1,0,1,0,0,0,33,1,0,0,0,1,0
313,7,4,7,2,4,2,3,2,4,4,3,4,210,0,0,0,0,0,0,0,0,0,1,0,0,0,0,0,0,0,1,1,1,33,1,1,0,0,1,0
314,4,5,6,4,3,4,2,4,2,6,5,4,230,1,0,0,0,1,0,0,0,0,0,0,0,1,0,1,1,0,0,0,1,25,1,1,0,0,0,0
315,7,7,2,7,2,4,6,6,3,5,3,3,310,1,0,0,0,1,0,0,0,0,0,0,0,1,0,0,0,1,1,1,0,37,1,0,0,0,1,0
316,2,3,1,6,2,3,5,4,1,4,3,3,320,1,0,0,0,1,0,0,0,0,0,0,0,1,0,0,0,1,1,1,1,37,1,0,0,0,0,1
317,5,4,6,4,5,4,6,4,5,5,5,5,200,1,0,0,0,0,0,0,0,1,0,0,0,1,1,1,0,1,0,1,0,31,1,0,0,1,0,0
318,7,6,3,6,3,1,3,3,4,3,2,4,180,0,0,0,0,0,0,0,0,0,1,0,0,0,0,0,0,0,1,1,1,34,1,1,0,0,1,0
319,6,6,7,6,5,3,6,2,5,5,5,4,280,1,0,0,0,0,1,0,0,0,0,0,0,1,1,1,0,0,0,0,0,25,1,1,0,1,0,0
320,2,4,4,7,4,3,4,3,2,3,2,3,200,0,1,1,0,0,0,0,0,0,0,0,0,1,1,0,0,1,1,1,0,45,1,1,0,1,0,0
321,4,3,4,5,4,4,3,5,5,3,3,3,150,0,0,0,0,0,0,1,0,0,0,0,0,1,1,0,0,0,1,1,1,42,0,1,0,0,1,0
322,5,7,4,4,3,4,6,4,1,4,4,3,220,1,0,0,0,1,0,0,0,0,0,0,0,1,1,0,0,1,1,1,0,38,1,0,0,0,0,0
323,3,4,4,3,4,6,5,5,5,6,6,4,180,1,0,0,0,1,0,0,0,0,0,0,0,1,0,1,1,0,0,1,1,27,0,0,0,0,0,0
324,4,3,5,3,4,4,3,5,5,3,4,4,120,1,0,0,0,0,0,1,0,0,0,0,0,1,0,0,0,0,1,1,1,37,0,1,0,0,1,0
325,7,5,2,5,2,4,6,6,2,2,2,3,250,1,1,0,0,1,0,0,0,0,0,0,0,1,1,0,0,1,1,1,1,44,0,0,0,0,0,0
326,6,5,7,5,6,5,6,3,7,6,4,5,250,0,0,0,0,0,1,0,0,0,0,0,0,1,1,1,0,0,0,0,0,25,1,1,0,1,0,0
327,4,5,4,5,3,5,4,6,2,6,5,6,250,0,0,0,1,0,0,0,0,0,0,0,0,1,0,0,0,0,1,1,0,32,1,0,0,0,1,0
328,2,1,6,1,4,3,1,1,6,1,2,4,130,1,0,0,0,0,0,1,0,0,0,0,0,0,0,0,0,0,1,1,1,39,1,1,0,0,0,1
329,3,6,4,4,4,6,4,4,5,5,6,4,190,0,0,0,0,1,0,0,0,0,0,0,0,1,1,1,1,1,0,0,1,30,1,1,0,0,0,1
330,3,6,6,4,4,3,3,4,2,5,4,5,220,1,1,1,0,0,0,0,0,0,0,0,0,1,1,0,1,1,1,1,0,47,0,1,0,0,0,1
331,3,5,5,4,3,3,3,4,5,7,3,6,130,0,0,0,0,0,0,0,0,0,0,0,0,0,0,0,0,0,1,1,1,40,0,1,0,0,1,0
332,6,5,4,7,3,4,6,4,3,3,4,3,240,1,1,0,0,1,0,0,0,0,0,0,0,1,1,0,1,1,1,1,1,38,0,0,0,0,1,0
333,7,4,5,4,4,3,3,3,3,6,3,4,270,1,0,0,0,0,0,0,0,0,1,0,0,1,0,0,1,0,1,1,1,32,0,1,0,0,0,1
334,3,6,3,6,2,5,5,5,4,5,3,5,180,1,1,0,0,1,0,0,0,0,0,0,0,1,0,0,1,0,1,1,1,35,0,0,0,0,1,0
335,7,5,5,5,4,2,3,1,6,4,4,4,130,0,0,0,0,0,0,0,0,0,1,0,0,1,1,0,1,1,1,1,0,33,0,1,0,1,0,0
336,4,5,3,4,2,4,5,5,3,5,4,3,200,0,1,0,0,1,0,0,0,0,0,0,0,1,1,0,1,1,1,1,0,45,0,0,0,0,0,0
337,6,5,4,5,3,6,4,6,1,6,4,5,250,0,0,0,1,0,0,0,0,0,0,0,0,1,1,1,1,1,1,1,0,36,1,0,0,0,0,0
338,4,6,5,5,3,5,5,6,1,6,5,7,240,0,0,0,1,0,0,0,0,0,0,0,0,1,1,1,1,1,0,1,0,30,1,0,0,0,0,0
339,4,6,5,5,4,6,6,6,3,7,5,6,250,0,0,0,1,0,0,0,0,0,0,0,0,1,0,0,0,0,1,1,1,28,1,0,0,0,1,0
340,4,4,4,4,3,6,4,6,3,5,6,6,250,1,0,0,0,1,0,0,0,0,0,0,0,1,0,1,1,1,0,0,1,30,1,1,0,0,1,0
341,5,2,4,2,3,5,2,5,3,5,6,4,180,1,0,0,0,1,0,0,0,0,0,0,0,1,0,1,1,0,0,0,1,25,1,1,0,0,0,0
342,5,3,3,1,3,2,3,1,3,3,4,4,230,1,1,0,0,0,0,0,0,0,0,0,0,1,1,0,1,1,1,1,1,41,1,1,0,0,1,0
343,5,5,5,3,4,5,5,6,1,7,5,6,280,1,0,0,1,0,0,0,0,0,0,0,0,1,0,1,1,0,1,1,1,25,1,0,0,0,1,0
344,6,3,4,4,3,2,3,3,4,5,4,4,120,0,0,0,0,0,0,0,0,0,0,1,0,1,1,0,1,1,1,1,0,40,0,1,0,0,1,0
345,4,7,5,1,4,2,3,1,6,3,4,4,200,1,0,0,0,0,1,0,0,0,0,0,0,1,1,0,1,1,1,1,1,33,0,1,0,0,1,0
346,4,6,3,4,3,2,3,2,2,3,2,4,190,0,0,0,0,1,0,0,0,0,0,0,0,1,0,0,1,1,1,1,0,39,1,1,0,0,0,1
347,3,3,3,6,2,4,4,4,1,5,3,4,230,1,1,0,0,1,0,0,0,0,0,0,0,1,1,0,1,1,1,1,1,35,0,0,0,0,1,0
348,5,3,3,7,2,5,6,7,1,5,2,5,230,0,1,0,0,1,0,0,0,0,0,0,0,0,0,0,0,0,1,1,0,41,1,0,0,0,1,0
349,7,6,7,6,5,4,6,3,6,6,5,4,200,1,0,0,0,0,1,0,0,0,0,0,0,1,1,1,1,1,0,1,0,25,1,1,0,0,1,0
350,5,6,6,5,4,4,6,3,4,4,4,5,190,1,0,0,0,0,1,0,0,0,0,0,0,1,0,1,1,0,0,1,1,27,1,1,0,1,0,0
351,5,1,6,2,5,3,6,3,6,5,5,5,180,0,0,0,0,0,1,0,0,0,0,0,0,1,0,1,1,0,0,1,0,25,1,1,0,1,0,0
352,7,2,4,6,4,2,3,2,2,4,3,4,220,1,0,0,0,0,0,0,0,0,0,0,1,0,0,0,1,1,1,1,1,39,0,1,0,0,1,0
353,4,7,4,2,3,2,3,1,2,3,4,4,220,0,0,0,0,0,0,0,0,0,0,0,0,1,0,0,1,1,1,1,1,40,1,1,0,1,0,0
354,5,5,4,3,3,2,3,2,2,4,4,3,260,1,0,0,0,0,0,0,0,0,1,0,0,1,1,0,1,1,1,1,1,34,0,1,0,0,0,1
355,5,7,6,4,5,4,6,4,5,4,5,4,170,0,0,0,0,1,0,0,0,0,0,0,0,0,0,1,1,0,0,0,0,32,1,1,0,1,0,0
356,3,3,3,5,2,4,3,4,1,5,3,4,360,0,1,0,0,1,0,0,0,0,0,0,0,1,1,0,1,1,1,1,0,37,0,0,0,0,1,0
357,2,7,2,6,2,3,3,4,1,4,2,4,240,1,1,0,0,1,0,0,0,0,0,0,0,1,1,0,1,1,1,1,0,40,1,0,0,0,0,1
358,4,5,4,5,3,5,5,6,1,7,4,7,220,1,0,0,1,0,0,0,0,0,0,0,0,1,1,1,1,1,1,1,1,39,1,0,0,0,0,0
359,2,2,2,4,3,3,3,4,4,1,1,4,210,1,0,0,0,0,0,0,1,0,0,0,0,1,0,0,1,1,1,1,1,39,0,1,0,0,1,0
360,6,1,7,5,5,4,6,1,4,6,5,4,240,0,0,0,0,0,1,0,0,0,0,0,0,0,0,1,1,0,0,0,0,25,1,1,0,0,1,0
361,4,5,1,5,2,3,6,5,2,1,1,4,320,0,1,0,0,1,0,0,0,0,0,0,0,0,0,0,1,0,1,1,1,35,1,0,0,0,0,1
362,3,5,3,4,2,4,3,5,1,5,3,4,220,1,1,0,0,1,0,0,0,0,0,0,0,0,1,0,1,0,1,1,1,42,1,0,0,0,0,1
363,6,7,4,5,3,4,6,4,2,4,4,3,250,1,1,0,0,1,0,0,0,0,0,0,0,0,0,0,1,0,1,1,1,40,1,0,0,0,1,0
364,3,5,6,4,5,4,3,1,2,4,4,4,210,0,0,0,0,0,0,0,1,0,0,0,0,1,1,0,1,1,1,1,0,38,0,1,0,0,0,1
365,5,5,4,5,3,5,6,4,2,6,5,7,230,1,0,0,1,0,0,0,0,0,0,0,0,1,0,1,1,0,1,1,1,34,1,0,0,0,0,0
366,4,5,6,6,5,7,2,6,6,5,7,4,160,1,0,0,0,1,0,0,0,0,0,0,0,1,1,1,1,1,0,0,1,26,1,1,0,1,0,0
367,4,6,2,5,2,4,3,3,6,5,3,5,160,1,0,0,1,0,0,0,0,0,0,0,0,0,0,0,1,1,1,0,0,42,1,1,0,0,1,0
368,3,5,5,5,3,3,3,3,5,7,4,5,160,1,0,0,0,0,0,0,0,1,0,0,0,1,1,0,1,1,1,1,0,46,1,1,0,0,1,0
369,5,6,2,6,3,2,3,1,3,3,2,4,280,0,0,0,0,0,0,0,0,1,0,0,0,1,1,0,1,1,1,1,0,41,0,1,0,0,0,1
370,4,5,6,5,3,3,3,4,6,4,4,6,200,1,0,0,1,0,0,0,0,0,0,0,0,0,0,0,1,1,1,0,0,39,1,1,0,1,0,0
371,5,6,6,5,4,5,6,4,1,7,5,7,270,1,0,0,0,1,0,0,0,0,0,0,0,1,0,0,1,0,1,1,1,30,1,0,0,0,1,0
372,5,3,2,2,3,2,3,3,5,4,4,3,200,0,0,1,0,0,0,0,0,0,0,0,0,1,1,1,1,1,1,1,1,40,1,1,0,1,0,0
373,2,1,1,1,4,3,1,1,2,3,4,4,160,0,0,0,0,0,0,1,0,0,0,0,0,0,0,0,1,1,1,0,1,34,0,1,0,0,0,1
374,4,3,7,3,4,3,3,3,5,3,4,3,140,1,0,0,0,0,1,0,0,0,0,0,0,0,0,0,1,1,1,0,0,39,0,1,0,0,1,0
375,4,4,1,3,4,3,3,2,1,3,3,3,150,1,0,0,0,0,0,0,0,0,0,0,0,0,0,0,1,1,1,0,0,42,1,1,0,1,0,0
376,7,5,5,4,3,2,3,4,3,5,4,3,200,0,0,0,0,0,0,0,0,0,0,1,0,0,1,0,1,1,1,1,0,33,0,1,0,0,1,0
377,4,3,5,2,3,6,2,7,3,6,6,6,160,1,0,0,0,1,0,0,0,0,0,0,0,1,0,1,1,1,0,1,1,28,0,1,0,0,0,1
378,4,5,1,6,4,4,3,3,3,4,3,3,180,1,0,0,0,0,0,0,1,0,0,0,0,0,0,0,1,1,1,0,0,42,1,1,0,1,0,0
379,5,4,4,4,3,5,2,4,3,5,6,4,240,1,0,0,0,0,1,0,0,0,0,0,0,1,0,1,1,0,0,0,1,24,1,1,0,0,1,0
380,7,5,6,5,5,4,6,4,4,7,5,7,240,1,0,0,0,1,0,0,0,0,0,0,0,1,1,1,1,1,0,1,0,25,1,0,0,0,0,1
381,5,5,3,5,4,3,3,3,4,4,4,3,180,0,0,0,0,0,0,1,0,0,0,0,0,0,0,0,1,1,1,0,0,36,0,1,0,1,0,0
382,1,3,5,2,4,3,2,2,4,3,3,4,100,1,0,0,0,0,0,0,0,0,0,0,0,1,1,1,1,1,1,1,0,46,1,1,0,1,0,0
383,2,3,6,1,4,3,2,1,3,3,4,3,160,1,0,0,0,0,1,0,0,0,0,0,0,1,0,1,1,1,1,1,1,36,1,1,0,1,0,0
384,7,7,3,7,3,2,3,3,3,3,2,4,190,1,0,0,0,0,0,0,0,0,0,0,0,0,0,0,1,1,1,0,0,40,1,1,0,0,1,0
385,3,4,4,4,3,3,3,3,5,3,2,4,190,1,0,0,0,0,0,0,0,0,0,0,1,1,1,1,1,1,1,0,1,41,0,1,0,0,1,0
386,3,5,4,5,3,4,4,4,1,6,5,5,240,1,0,0,0,1,0,0,0,0,0,0,0,1,0,0,1,0,1,1,0,33,1,0,0,0,0,1
387,6,6,5,5,3,5,6,4,1,7,5,7,290,1,0,0,0,1,0,0,0,0,0,0,0,1,1,1,1,0,1,1,1,35,1,0,0,0,1,0
388,4,6,3,5,5,4,6,4,1,7,4,5,210,1,0,0,0,1,0,0,0,0,0,0,0,1,0,1,1,1,1,1,1,34,1,0,0,0,0,0
389,4,5,4,5,3,4,5,4,1,6,5,6,220,1,1,0,0,1,0,0,0,0,0,0,0,1,0,1,1,0,1,1,0,28,1,1,0,0,1,0
390,3,6,7,5,5,7,3,3,3,6,6,6,150,1,0,0,0,0,1,0,0,0,0,0,0,1,1,1,1,1,0,1,1,28,1,1,0,1,0,0
391,3,3,4,2,5,6,2,3,3,5,7,4,140,0,0,0,0,0,1,0,0,0,0,0,0,1,0,1,1,0,0,1,1,25,0,1,0,0,0,1
392,4,5,5,5,3,5,4,4,1,6,5,7,220,0,1,0,0,1,0,0,0,0,0,0,0,1,1,0,1,1,1,1,1,26,0,1,0,0,0,0
393,1,5,3,6,3,5,4,5,2,2,2,4,170,1,1,0,0,1,0,0,0,0,0,0,0,1,1,0,1,0,1,1,0,40,1,0,0,0,1,0
394,4,5,4,5,3,5,6,4,2,6,5,6,210,0,1,0,0,1,0,0,0,0,0,0,0,1,0,1,1,1,1,1,0,31,0,1,0,0,1,0
395,4,5,3,4,2,4,5,5,2,5,4,3,230,0,1,0,0,1,0,0,0,0,0,0,0,0,0,0,1,0,1,1,1,35,0,0,0,0,0,0
396,6,5,6,5,4,5,6,4,1,7,5,7,230,1,1,0,0,1,0,0,0,0,0,0,0,1,1,1,1,1,0,1,1,32,1,0,0,0,1,0
397,3,7,4,7,3,5,6,7,3,6,4,3,200,1,1,0,0,1,0,0,0,0,0,0,0,0,0,0,1,0,1,1,0,39,0,0,0,0,1,0
398,6,7,2,3,2,2,3,4,4,4,4,3,280,0,0,0,0,0,0,0,0,0,0,0,0,0,1,1,1,1,1,0,1,41,0,1,0,0,1,0
399,5,5,5,5,3,5,2,4,3,5,6,4,170,0,0,0,0,0,1,0,0,0,0,0,0,1,0,0,1,1,0,1,1,30,0,1,0,0,1,0
400,6,4,3,4,3,1,3,1,3,3,3,4,250,1,0,0,1,0,0,0,0,0,0,0,0,1,0,0,1,1,1,0,1,41,1,1,0,0,1,0
401,6,7,7,4,5,6,6,4,4,7,5,7,240,1,1,0,0,1,0,0,0,0,0,0,0,1,1,1,1,1,0,1,1,25,1,0,0,0,0,0
402,5,5,6,5,4,6,5,4,5,7,5,7,250,1,1,0,0,1,0,0,0,0,0,0,0,1,0,0,1,0,1,1,1,32,0,0,0,0,0,0
403,4,6,1,6,1,3,3,5,3,2,1,3,250,1,0,0,0,0,0,1,0,0,0,0,0,1,1,1,1,1,1,1,1,39,0,1,0,0,1,0
404,5,4,4,4,5,6,2,3,3,6,6,4,160,0,0,0,0,0,1,0,0,0,0,0,0,1,0,1,1,0,0,1,1,29,1,1,0,0,1,0
405,5,3,5,6,4,4,6,3,6,4,4,5,220,0,0,0,0,0,0,0,0,0,1,0,0,0,0,1,1,0,0,1,0,26,1,1,0,1,0,0
406,5,5,5,5,3,5,6,4,5,6,4,7,290,1,1,0,0,1,0,0,0,0,0,0,0,1,1,1,1,1,0,1,1,29,1,0,0,0,1,0
407,4,7,5,4,4,3,3,3,4,4,4,4,190,0,0,0,0,0,0,0,0,0,0,1,0,1,1,1,1,1,1,0,0,41,1,1,0,0,1,0
408,4,5,5,4,3,5,6,4,4,6,4,5,210,1,1,0,0,1,0,0,0,0,0,0,0,1,0,0,1,0,1,1,0,31,0,0,0,0,0,0
409,4,2,6,3,4,4,3,3,3,4,4,4,160,1,0,0,0,0,0,0,1,0,0,0,0,1,1,1,1,1,1,1,0,40,1,1,0,0,1,0
410,4,3,6,3,4,7,2,7,3,5,7,4,130,1,0,0,0,0,1,0,0,0,0,0,0,0,1,1,1,0,0,0,1,28,0,1,1,0,0,0
411,4,3,4,3,3,6,2,7,3,6,6,4,180,0,0,0,0,0,1,0,0,0,0,0,0,1,1,1,1,0,0,1,1,25,0,1,0,0,1,0
412,3,4,6,1,4,3,3,1,3,4,4,3,180,0,0,0,0,0,0,0,0,0,0,0,1,1,1,1,1,1,1,0,0,41,1,1,0,0,1,0
413,6,6,4,4,3,4,6,4,6,7,4,5,290,1,1,0,0,1,0,0,0,0,0,0,0,1,0,1,1,0,1,1,1,28,0,0,0,0,0,1
414,5,7,5,5,4,4,6,4,4,7,5,5,240,1,1,0,0,1,0,0,0,0,0,0,0,1,0,0,1,0,1,1,1,35,1,0,0,0,1,0
415,4,6,7,1,5,7,6,4,4,7,4,6,190,1,1,0,0,1,0,0,0,0,0,0,0,1,0,0,1,0,1,1,1,29,0,0,0,0,0,0
416,4,4,4,4,3,2,4,1,3,3,3,4,110,1,0,0,0,0,0,1,0,0,0,0,0,0,1,0,1,1,1,1,1,39,0,1,0,0,0,1
417,5,6,1,4,2,4,3,3,5,4,3,5,250,0,0,0,0,0,0,0,0,0,0,0,1,1,1,1,1,1,1,1,1,41,0,1,0,0,0,1
418,3,6,4,4,3,6,6,4,3,7,4,7,180,1,1,0,0,1,0,0,0,0,0,0,0,1,0,0,1,0,1,1,1,31,0,0,0,0,0,1
419,2,3,3,4,3,5,3,5,3,3,3,4,240,1,1,0,0,1,0,0,0,0,0,0,0,1,1,0,1,1,1,1,0,40,1,0,0,0,0,1
420,2,1,4,6,4,3,1,3,4,3,4,3,180,0,0,0,0,0,0,0,1,0,0,0,0,1,1,1,1,1,1,1,0,32,0,1,0,1,0,0
421,6,5,7,1,6,6,6,4,5,5,5,6,220,1,0,0,0,0,1,0,0,0,0,0,0,0,1,1,1,1,0,1,0,32,1,0,0,0,1,0
422,4,4,4,7,4,3,3,2,5,3,3,3,210,0,0,0,0,0,0,0,1,0,0,0,0,0,0,0,1,1,1,0,0,38,1,1,0,1,0,0
423,4,4,6,6,4,4,3,3,4,4,4,3,140,0,0,0,0,0,1,0,0,0,0,0,0,0,0,0,1,1,1,0,0,32,1,1,0,0,1,0
424,3,3,1,7,2,4,3,7,1,3,2,4,310,1,1,0,0,1,0,0,0,0,0,0,0,0,0,0,1,0,1,1,0,38,0,0,0,0,1,0
425,2,4,4,2,4,3,3,2,2,3,2,4,220,1,0,0,0,0,1,0,0,0,0,0,0,1,0,0,1,1,1,1,0,39,0,1,0,0,1,0
426,4,4,4,5,3,4,4,5,1,6,5,4,200,1,1,0,0,1,0,0,0,0,0,0,0,1,0,1,1,0,1,1,1,40,1,0,0,0,1,0
427,3,5,2,4,2,3,4,4,1,3,2,3,320,0,1,0,0,1,0,0,0,0,0,0,0,1,1,1,1,1,1,1,0,35,0,0,0,0,1,0
428,2,4,4,7,3,5,4,5,3,5,4,4,160,1,1,0,0,1,0,0,0,0,0,0,0,0,1,1,1,1,1,1,0,44,1,0,0,0,0,0
429,4,4,4,3,3,2,4,1,2,3,3,4,230,1,0,0,0,0,0,0,0,0,1,0,0,1,0,0,1,1,1,1,0,39,0,1,0,0,0,1
430,4,4,5,3,3,6,4,6,3,5,6,4,150,0,0,0,0,0,1,0,0,0,0,0,0,1,0,1,1,0,0,0,1,28,1,1,0,0,1,0
431,4,6,3,4,3,4,5,4,3,6,3,4,270,1,1,0,0,1,0,0,0,0,0,0,0,1,1,1,1,1,1,1,1,38,0,0,0,0,1,0
432,4,7,5,5,4,5,5,4,3,7,5,6,230,0,0,0,0,1,0,0,0,0,0,0,0,1,0,1,1,0,1,1,1,33,0,0,0,0,0,1
433,3,7,2,5,2,3,3,4,1,4,2,3,190,1,1,0,0,1,0,0,0,0,0,0,0,1,0,0,1,1,1,1,0,39,1,0,0,0,0,1
434,4,4,6,4,4,6,2,5,3,5,7,6,220,1,0,0,0,0,1,0,0,0,0,0,0,1,0,1,1,0,0,0,1,25,1,1,0,0,0,0
435,5,5,2,7,2,4,6,6,1,5,2,3,190,1,1,0,0,1,0,0,0,0,0,0,0,1,0,0,1,1,1,1,0,37,0,0,0,0,0,1
436,6,4,7,6,5,4,6,3,5,5,5,4,210,0,1,1,0,0,0,0,0,0,0,0,0,1,1,1,1,1,0,1,0,31,1,0,0,1,0,0
437,4,7,6,5,4,6,6,4,3,7,4,6,200,1,0,0,0,1,0,0,0,0,0,0,0,1,0,1,1,1,1,1,1,33,1,0,0,0,0,0
438,4,4,4,5,3,2,3,2,1,3,2,4,150,0,0,0,0,0,0,0,1,0,0,0,0,1,0,0,1,1,1,0,1,41,0,1,0,0,1,0
439,4,1,7,3,5,4,3,3,4,3,4,4,190,1,0,0,0,0,1,0,0,0,0,0,0,1,1,1,1,1,1,1,0,39,1,1,0,1,0,0
440,2,5,3,7,2,5,6,7,3,2,1,3,350,1,1,0,0,0,1,0,0,0,0,0,0,1,0,1,1,1,1,1,1,38,0,0,0,0,1,0
441,3,7,6,4,4,6,5,6,3,5,7,4,170,1,0,0,0,0,1,0,0,0,0,0,0,1,1,1,1,0,0,1,1,24,1,1,0,0,0,1
442,7,6,4,4,4,2,3,3,4,6,3,4,230,0,0,0,0,0,0,0,0,0,1,0,0,1,1,1,1,1,1,1,1,32,0,1,0,0,1,0
443,4,1,5,3,4,3,3,3,4,3,4,4,230,1,0,0,0,1,0,0,0,0,0,0,0,1,0,0,1,1,1,0,1,39,0,1,0,0,1,0
444,5,5,5,5,3,4,6,4,3,7,4,6,250,1,0,0,0,1,0,0,0,0,0,0,0,1,0,1,1,0,1,1,1,25,1,0,0,0,1,0
445,5,4,3,4,3,4,3,4,2,3,3,3,190,0,0,0,0,0,0,0,0,0,0,0,1,1,0,0,1,1,1,0,0,40,0,1,0,1,0,0
446,2,4,3,7,2,5,6,7,2,5,3,3,210,1,1,0,0,0,1,0,0,0,0,0,0,0,0,1,1,1,1,1,1,42,0,0,0,0,1,0
447,4,6,5,3,4,3,3,1,3,4,4,3,230,1,0,0,0,1,0,0,0,0,0,0,0,0,0,1,1,1,1,0,0,39,0,1,0,0,1,0
448,4,5,4,3,3,4,6,4,3,7,4,4,230,1,0,0,0,1,0,0,0,0,0,0,0,1,0,1,1,0,1,1,1,27,0,0,0,0,1,0
449,5,3,5,5,4,5,5,4,3,7,5,7,230,1,0,0,0,1,0,0,0,0,0,0,0,1,1,0,1,1,1,1,1,32,0,0,0,0,0,1
450,4,3,4,2,4,3,3,3,6,3,4,3,240,1,0,0,0,0,0,0,0,1,0,0,0,0,0,1,1,1,1,0,0,40,0,1,0,0,1,0
451,3,7,6,3,4,6,4,5,3,5,7,4,130,0,0,0,0,0,1,0,0,0,0,0,0,1,1,1,1,0,0,0,1,27,0,1,0,0,0,0
452,5,5,3,4,3,1,3,2,2,3,2,4,180,0,0,0,0,0,0,0,1,0,0,0,0,1,1,1,1,1,1,1,0,41,0,1,0,1,0,0
453,5,6,7,5,5,4,6,2,3,5,5,4,150,0,0,0,0,0,0,0,0,0,1,0,0,0,0,1,1,0,0,1,0,26,1,1,0,0,1,0
454,5,4,7,4,5,5,6,4,5,4,5,5,220,1,0,0,0,0,0,0,0,0,0,1,0,1,1,1,1,1,0,1,0,31,1,1,0,1,0,0
455,4,7,3,6,2,3,6,4,1,2,1,4,240,1,1,0,0,0,1,0,0,0,0,0,0,1,1,1,1,1,1,1,0,37,1,0,0,0,0,1
456,4,4,5,3,4,3,3,1,5,4,4,4,150,0,0,0,0,1,0,0,0,0,0,0,0,1,1,1,1,1,1,0,0,42,1,1,1,0,0,0
457,2,5,2,7,2,5,6,7,3,1,1,4,320,1,1,0,0,0,1,0,0,0,0,0,0,0,0,1,1,1,1,1,0,36,1,0,0,0,1,0
458,1,1,4,1,3,3,1,4,4,1,2,4,150,1,0,0,0,0,0,1,0,0,0,0,0,1,1,1,1,1,1,1,0,39,0,1,0,0,1,0
459,3,5,4,5,4,6,5,5,2,5,7,4,210,1,0,0,0,0,1,0,0,0,0,0,0,1,1,1,1,0,0,1,1,31,1,1,0,0,0,0
460,3,4,4,4,4,3,3,2,3,3,2,4,240,0,0,0,1,0,0,0,0,0,0,0,0,0,0,0,1,1,1,0,0,41,0,1,0,0,0,1
461,4,5,6,7,4,7,3,7,3,5,6,4,170,0,0,0,0,0,1,0,0,0,0,0,0,1,1,1,1,0,0,0,1,29,1,1,0,1,0,0
462,2,3,7,2,5,4,1,1,2,1,3,3,150,0,0,0,0,0,0,0,0,0,0,1,0,0,0,1,1,1,1,0,1,43,1,1,1,0,0,0
463,4,5,7,4,3,3,4,4,2,2,3,4,110,0,0,0,0,0,0,0,0,0,0,1,0,1,0,0,1,1,1,0,0,40,1,1,0,0,1,0
464,6,4,5,3,5,4,4,3,3,5,3,3,100,0,0,0,0,0,0,1,0,0,0,0,0,0,0,0,1,1,1,0,0,34,0,1,0,1,0,0
465,5,6,6,4,5,4,2,3,4,5,3,2,180,0,0,0,0,0,0,0,0,0,1,0,0,0,0,0,1,1,1,0,1,34,0,1,0,0,1,0
466,4,6,3,5,4,6,7,4,3,7,4,6,230,1,0,0,0,0,1,0,0,0,0,0,0,1,0,0,1,0,1,1,1,32,0,0,0,0,1,0
467,4,7,5,5,4,6,7,4,3,7,4,6,210,0,0,0,0,0,1,0,0,0,0,0,0,1,1,1,1,1,1,1,1,35,1,0,0,0,0,0
468,1,1,5,1,4,3,1,2,4,3,4,4,120,0,0,0,0,0,0,1,0,0,0,0,0,1,1,1,1,1,1,1,0,34,0,1,0,1,0,0
469,1,5,1,4,3,5,4,4,1,4,3,4,250,0,1,0,0,0,0,0,0,0,0,0,0,1,0,1,1,1,1,1,1,36,1,0,0,0,1,0
470,3,3,4,1,3,2,1,1,5,3,3,4,210,1,0,0,0,0,1,0,0,0,0,0,0,0,0,0,1,1,1,0,1,33,1,1,0,0,1,0
471,2,2,1,2,2,3,3,5,5,1,2,4,200,0,0,0,0,0,0,1,0,0,0,0,0,0,0,1,1,1,1,0,1,41,1,1,0,0,1,0
472,3,4,4,4,3,3,1,4,4,3,2,4,150,1,0,0,0,0,0,0,1,0,0,0,0,1,1,1,1,1,1,1,0,42,1,1,0,0,1,0
473,3,5,5,5,3,6,6,4,3,7,5,6,200,1,0,0,0,0,1,0,0,0,0,0,0,1,0,1,1,0,1,1,1,36,0,0,0,0,0,1
474,4,4,2,4,4,3,1,3,4,3,3,4,200,0,0,0,0,0,0,1,0,0,0,0,0,0,0,0,1,1,1,0,0,35,1,1,0,0,0,1
475,6,5,5,4,3,6,7,4,3,7,4,5,200,0,0,0,0,0,1,0,0,0,0,0,0,1,1,1,1,1,1,1,1,37,0,1,0,0,0,0
476,4,4,6,5,4,6,2,7,3,5,6,6,200,1,0,0,0,0,1,0,0,0,0,0,0,1,0,0,1,0,1,0,1,24,0,0,0,0,0,0
477,2,4,5,4,2,5,4,6,3,4,3,4,190,1,1,0,0,0,0,1,0,0,0,0,0,0,0,0,1,1,1,1,0,44,1,0,0,0,1,0
478,5,4,5,3,4,2,3,1,2,3,3,4,290,0,0,0,1,0,0,0,0,0,0,0,0,1,1,1,1,1,1,1,1,46,0,1,0,0,1,0
479,6,7,2,6,3,4,6,4,2,5,4,3,320,1,1,0,0,0,0,1,0,0,0,0,0,0,0,0,1,1,1,1,1,30,1,0,0,0,0,1
480,5,7,4,5,3,4,7,5,1,3,4,3,360,1,1,0,0,0,0,0,1,0,0,0,0,1,1,1,1,1,1,1,1,44,0,0,0,0,0,1
481,4,4,5,4,4,3,3,2,3,4,3,3,180,1,0,0,0,0,0,0,0,0,0,1,0,1,0,0,1,1,1,0,0,41,1,1,0,1,0,0
482,6,6,3,6,3,1,3,1,3,3,2,4,250,0,0,0,1,0,0,0,0,0,0,0,0,1,1,1,1,1,1,1,1,41,0,1,0,0,1,0
483,4,4,5,4,4,6,4,5,2,5,6,6,170,0,0,0,0,0,0,1,0,0,0,0,0,1,0,1,1,1,0,1,1,30,0,1,0,1,0,0
484,4,3,6,1,4,3,4,1,4,4,3,3,250,1,0,0,0,0,0,0,0,0,1,0,0,1,0,1,1,0,1,1,0,34,0,1,0,0,1,0
485,2,4,3,4,3,2,3,2,4,2,1,3,280,0,0,0,1,0,0,0,0,0,0,0,0,1,1,1,0,0,1,0,1,44,0,1,0,0,0,1
486,3,4,2,4,2,4,5,5,1,4,3,4,190,1,1,0,0,0,0,0,1,0,0,0,0,0,0,0,0,1,1,1,1,35,1,0,0,0,1,0
487,4,5,4,5,3,5,4,7,3,6,5,6,200,1,1,0,0,0,1,0,0,0,0,0,0,1,1,1,0,0,1,0,1,37,1,0,0,0,0,0
488,4,5,2,5,2,4,7,6,2,4,3,3,230,0,1,0,0,0,0,0,1,0,0,0,0,1,0,0,0,1,1,1,0,42,0,0,0,0,1,0
489,5,5,6,4,4,5,7,7,3,7,4,7,260,1,0,0,0,0,1,0,0,0,0,0,0,1,1,1,0,1,1,0,1,32,1,0,0,0,1,0
490,3,7,3,7,3,5,7,6,2,3,2,3,220,1,1,0,0,0,0,0,1,0,0,0,0,1,1,1,1,1,1,1,1,34,0,0,0,0,0,0
491,3,4,3,4,2,5,5,6,1,4,4,3,310,0,1,0,0,0,0,0,1,0,0,0,0,1,0,1,1,1,1,1,1,38,0,0,0,0,0,0
492,5,4,4,3,5,6,2,3,3,5,7,4,160,1,0,0,0,0,0,1,0,0,0,0,0,0,1,1,1,1,0,1,1,25,1,1,0,0,0,0
493,3,3,5,2,4,3,4,1,4,3,4,3,200,1,0,0,0,0,0,0,0,0,0,1,0,1,1,1,1,1,1,1,1,36,0,1,0,0,1,0
494,6,5,5,4,3,6,4,7,3,7,5,6,210,0,0,0,0,0,1,0,0,0,0,0,0,1,0,0,0,0,1,0,1,32,0,1,0,0,1,0
495,5,4,4,3,3,2,3,2,3,4,4,3,210,0,0,0,0,1,0,0,0,0,0,0,0,1,0,0,0,0,1,0,0,35,1,1,0,0,0,1
496,3,5,2,5,2,4,5,5,1,4,2,4,230,1,0,0,0,0,0,0,1,0,0,0,0,1,1,1,1,1,1,1,1,45,1,1,0,0,0,0
497,3,4,5,4,4,3,3,3,3,3,3,4,200,0,0,0,1,0,0,0,0,0,0,0,0,1,0,0,0,1,1,0,0,40,1,1,0,0,1,0
498,6,7,2,7,2,4,7,6,2,1,1,3,210,1,0,0,0,0,0,0,1,0,0,0,0,1,1,1,1,1,1,1,0,39,0,1,0,0,1,0
499,6,5,5,4,4,6,4,7,3,7,5,6,220,1,0,0,0,0,1,0,0,0,0,0,0,1,1,1,1,1,1,1,1,35,0,0,0,0,0,0
500,5,4,5,1,3,6,3,5,2,5,6,4,150,1,0,0,0,0,0,1,0,0,0,0,0,1,1,1,0,0,0,0,1,30,0,0,0,0,0,0
501,2,5,2,7,2,5,3,7,1,3,2,3,200,1,0,0,0,0,0,0,1,0,0,0,0,1,0,0,1,1,1,1,0,35,1,1,0,0,0,0
502,3,5,3,4,3,5,4,5,1,5,3,3,340,0,1,0,0,0,0,0,1,0,0,0,0,1,1,0,1,1,1,1,1,38,1,1,0,0,0,0
503,6,5,7,6,5,4,5,2,6,5,5,4,190,0,0,0,0,0,1,0,0,0,0,0,0,1,0,1,0,0,0,0,0,34,1,1,0,0,1,0
504,4,5,3,7,2,4,7,4,1,2,2,4,330,0,0,0,0,0,0,0,1,0,0,0,0,1,0,0,1,1,1,1,1,33,0,1,0,0,0,0
505,3,5,2,7,2,3,4,4,2,1,1,3,200,0,0,0,0,0,0,0,1,0,0,0,0,1,1,0,1,1,1,1,1,45,1,1,0,0,0,0
506,5,5,4,4,5,6,2,4,3,5,7,6,200,0,0,0,0,0,0,1,0,0,0,0,0,1,1,1,0,1,0,1,1,25,1,1,0,0,0,0
507,4,3,2,7,2,4,7,5,2,5,3,4,180,0,0,0,0,0,0,0,1,0,0,0,0,1,1,0,1,1,1,1,0,44,1,1,0,0,0,0
508,3,4,2,7,2,3,4,4,1,1,1,4,240,1,1,0,0,0,0,0,1,0,0,0,0,1,0,0,1,1,1,1,0,38,0,1,0,0,0,0
509,4,6,5,5,4,3,3,3,4,3,4,4,200,0,0,0,0,1,0,0,0,0,0,0,0,1,1,1,0,1,1,1,1,40,1,1,0,0,1,0
510,4,1,4,2,3,6,2,6,2,6,6,4,200,0,0,0,0,0,0,1,0,0,0,0,0,1,0,1,0,0,0,0,1,26,1,1,0,1,0,0
511,3,1,5,1,4,3,3,1,4,3,4,3,150,0,0,0,0,1,0,0,0,0,0,0,0,1,0,1,0,0,1,0,0,39,0,1,1,0,0,0
512,3,4,5,6,4,6,5,5,3,5,7,4,170,1,0,0,0,0,0,1,0,0,0,0,0,1,0,1,0,0,0,0,1,27,0,1,0,1,0,0
513,6,2,6,1,5,3,5,2,5,5,5,4,170,0,0,0,0,0,0,0,0,0,0,1,0,0,0,1,0,0,0,1,0,30,1,1,0,1,0,0
514,6,7,4,4,3,6,5,7,3,6,5,5,230,0,0,0,0,0,1,0,0,0,0,0,0,1,1,1,0,0,1,1,1,38,1,1,0,0,1,0
515,5,6,5,5,4,6,7,7,3,7,5,7,230,0,0,0,0,0,1,0,0,0,0,0,0,1,1,1,0,1,1,1,1,36,1,0,0,0,0,0
516,3,5,5,5,4,6,7,7,3,7,4,7,280,0,1,0,0,0,1,0,0,0,0,0,0,1,1,1,0,0,1,1,1,40,1,0,0,0,0,0
517,3,4,2,4,2,5,3,7,1,4,3,3,210,0,0,0,0,0,0,0,1,0,0,0,0,1,1,0,1,1,1,1,1,44,0,1,0,0,0,0
518,2,7,4,4,3,5,4,5,3,3,4,4,240,1,0,0,0,0,0,0,1,0,0,0,0,1,1,0,1,0,1,0,0,40,1,1,0,0,0,0
519,4,5,5,4,3,3,4,3,4,4,3,5,160,0,0,0,0,1,0,0,0,0,0,0,0,1,0,1,0,1,1,1,0,40,1,1,0,0,1,0
520,5,3,4,5,3,5,7,7,3,6,4,7,300,1,0,0,0,0,1,0,0,0,0,0,0,1,0,0,0,0,1,1,1,33,1,1,0,0,1,0
521,3,2,6,3,4,3,3,1,3,4,4,3,220,0,0,0,1,0,0,0,0,0,0,0,0,0,0,0,0,0,1,0,1,41,1,0,0,1,0,0
522,3,4,1,5,1,2,5,4,1,2,1,3,200,0,1,0,0,0,0,0,1,0,0,0,0,1,1,0,1,0,1,0,1,44,0,1,0,0,0,0
523,5,7,2,7,2,4,7,6,2,5,3,3,210,1,0,0,0,0,0,0,1,0,0,0,0,1,1,0,1,1,1,1,0,36,1,1,0,0,0,0
524,6,6,6,5,4,4,7,7,3,5,4,6,300,0,1,0,0,0,1,0,0,0,0,0,0,1,0,0,0,0,1,1,1,26,0,0,0,0,1,0
525,5,5,5,5,4,2,3,2,2,4,3,3,170,0,0,0,0,0,0,1,0,0,0,0,0,0,0,0,0,0,1,0,0,35,0,1,0,0,1,0
526,4,7,7,1,6,3,3,1,4,6,3,4,150,0,0,0,0,1,0,0,0,0,0,0,0,0,1,0,0,1,1,1,0,32,0,1,0,0,1,0
527,5,1,4,7,4,2,4,1,2,3,3,4,250,0,0,0,1,0,0,0,0,0,0,0,0,1,1,1,0,1,1,0,0,42,0,0,0,0,1,0
528,3,5,6,1,4,5,4,7,3,5,4,5,220,0,1,0,0,0,0,1,0,0,0,0,0,1,1,1,0,1,1,1,1,37,0,1,0,0,1,0
529,6,1,5,7,4,2,3,2,3,5,4,4,340,0,0,0,1,0,0,0,0,0,0,0,0,0,0,1,0,1,1,0,1,39,0,1,0,0,1,0
530,4,5,4,6,4,3,3,3,5,3,3,3,130,0,0,0,0,0,0,0,1,0,0,0,0,1,1,1,0,1,1,1,0,40,1,0,0,1,0,0
531,4,1,5,4,4,4,3,5,5,4,4,4,160,0,0,0,0,1,0,0,0,0,0,0,0,1,1,1,0,1,1,1,1,42,1,1,0,0,0,1
532,4,6,2,2,2,4,4,4,1,5,3,4,180,0,0,0,0,0,0,0,0,0,0,0,1,1,1,1,0,1,1,1,0,39,1,1,0,0,1,0
533,4,2,3,6,3,1,3,1,3,3,3,4,290,0,0,0,0,0,0,0,0,0,0,0,0,0,0,0,0,0,1,0,1,32,1,0,0,0,0,1
534,3,4,4,3,4,4,4,4,4,2,3,3,160,0,0,0,0,0,0,0,0,0,0,0,1,1,1,1,0,1,1,0,0,42,1,0,0,0,1,0
535,4,5,5,5,4,6,7,7,4,5,5,7,230,1,0,0,0,0,0,1,0,0,0,0,0,1,1,1,0,1,1,1,1,39,0,1,0,0,1,0
536,2,7,2,4,2,2,3,4,1,2,1,1,250,0,0,0,0,0,0,0,1,0,0,0,0,1,1,0,1,0,1,0,1,40,1,1,0,0,0,0
537,5,6,6,4,5,4,7,4,5,4,5,4,210,1,0,0,0,0,0,1,0,0,0,0,0,1,1,1,0,1,0,1,0,27,1,1,0,1,0,0
538,5,4,2,1,2,1,3,1,4,2,2,4,170,0,0,0,0,0,0,0,0,0,0,1,0,1,1,1,0,1,1,0,0,44,0,1,0,1,0,0
539,5,5,5,1,4,6,4,7,3,6,5,7,270,1,0,0,0,0,0,1,0,0,0,0,0,1,0,0,0,0,1,1,1,28,0,1,0,0,1,0
540,3,6,2,5,2,4,5,6,1,4,3,3,200,0,0,0,0,0,0,0,1,0,0,0,0,1,1,0,1,1,1,1,0,42,1,1,0,0,0,0
541,4,5,5,1,4,5,4,4,3,7,4,7,220,1,0,0,0,0,0,1,0,0,0,0,0,1,1,0,0,1,1,1,1,28,0,1,0,0,1,0
542,4,4,6,3,4,3,3,1,5,4,3,3,240,0,0,0,1,0,0,0,0,0,0,0,0,0,0,0,0,0,1,0,1,38,0,0,0,0,1,0
543,6,7,4,5,3,5,7,4,3,7,5,7,260,1,0,0,0,0,0,1,0,0,0,0,0,1,0,0,0,0,1,1,0,33,0,1,0,0,1,0
544,7,6,7,5,6,5,7,4,6,6,5,6,290,0,0,0,0,0,0,0,0,0,1,0,0,1,1,1,0,1,0,1,0,25,1,1,0,0,1,0
545,3,5,5,4,4,3,3,2,3,3,3,4,100,0,0,0,0,0,0,0,1,0,0,0,0,1,1,1,0,1,1,1,0,39,1,1,1,0,0,0
546,2,5,1,4,2,3,3,4,1,4,2,3,190,1,1,0,0,0,0,0,1,0,0,0,0,0,0,0,1,0,1,0,1,38,0,0,0,0,0,1
547,2,4,1,3,2,1,4,3,5,1,1,3,200,0,0,0,0,0,0,0,0,0,0,1,0,0,0,0,0,0,1,0,1,40,0,1,0,0,0,1
548,4,4,2,7,2,4,7,7,1,5,2,3,340,1,1,0,0,0,0,0,1,0,0,0,0,0,0,0,1,0,1,0,0,41,0,1,0,0,0,1
549,7,2,3,3,3,1,3,1,4,3,3,4,120,0,0,0,0,0,0,0,0,0,0,1,0,0,0,0,0,0,1,0,0,43,0,1,1,0,0,0
550,4,4,7,4,6,3,3,2,3,3,3,5,180,0,0,0,0,0,1,0,0,0,0,0,0,0,0,0,0,0,1,0,0,36,1,1,0,0,0,1
551,4,7,3,5,2,4,4,4,1,5,4,5,180,1,0,0,0,0,0,0,1,0,0,0,0,1,1,0,1,1,1,0,0,40,1,1,0,0,1,0
552,2,3,5,1,4,3,2,2,3,1,3,4,140,0,0,0,0,0,0,0,0,0,0,1,0,0,0,0,0,0,1,0,0,41,0,1,0,1,0,0
553,3,4,2,4,2,3,4,5,1,5,4,3,200,0,0,0,0,0,0,0,1,0,0,0,0,0,1,0,1,1,1,0,1,44,0,0,0,0,1,0
554,4,1,6,4,5,4,3,3,4,3,4,4,180,0,0,0,0,0,0,0,0,0,0,1,0,1,1,1,0,1,1,0,0,42,0,1,0,1,0,0
555,6,7,4,5,3,5,7,4,3,6,5,7,300,1,0,0,0,0,0,1,0,0,0,0,0,1,0,1,0,1,1,1,1,33,0,1,0,0,1,0
556,3,1,4,1,4,3,4,3,5,3,4,3,150,0,0,0,0,0,0,0,0,0,0,1,0,1,0,1,0,0,1,1,0,39,0,1,0,0,1,0
557,5,5,5,4,3,4,7,4,3,4,4,5,250,1,0,0,0,0,0,1,0,0,0,0,0,1,0,1,0,0,1,1,1,31,0,1,0,0,0,0
558,5,6,4,5,3,4,7,4,2,3,3,3,330,1,0,0,0,0,0,0,0,1,0,0,0,0,0,0,1,0,1,1,0,31,0,1,0,0,0,0
559,3,5,5,3,4,3,3,1,3,3,3,3,220,0,0,0,0,1,0,0,0,0,0,0,0,0,0,0,0,0,1,0,1,38,0,1,0,0,0,1
560,5,6,6,3,4,3,3,1,4,4,4,3,150,0,0,0,0,0,0,0,0,0,1,0,0,1,1,1,0,1,1,1,1,32,0,1,0,0,1,0
561,3,7,4,4,3,2,3,2,4,2,2,3,160,0,0,0,0,1,0,0,0,0,0,0,0,1,1,1,0,0,1,0,0,46,1,1,0,0,1,0
562,5,5,3,3,3,4,4,4,3,2,3,4,240,0,0,0,0,0,0,0,0,0,0,0,0,1,1,1,0,1,1,0,0,44,1,0,0,0,1,0
563,3,4,1,4,3,3,3,2,3,3,3,4,150,0,0,0,0,0,0,1,0,0,0,0,0,0,0,0,0,0,1,0,0,39,0,1,0,1,0,0
564,5,6,6,5,4,4,2,4,3,5,3,5,150,0,0,0,0,0,0,1,0,0,0,0,0,1,1,1,0,1,1,1,0,33,0,1,0,0,1,0
565,4,4,5,2,6,3,4,1,6,4,3,3,200,0,0,0,0,1,0,0,0,0,0,0,0,0,0,0,0,0,1,0,1,39,0,1,0,0,1,0
566,3,4,2,3,1,3,4,4,5,2,2,4,190,0,0,0,0,1,0,0,0,0,0,0,0,1,1,1,0,1,1,1,1,40,0,1,0,0,1,0
567,6,4,1,3,5,1,3,3,5,3,3,4,150,0,0,0,0,0,0,0,0,0,1,0,0,1,1,1,0,1,1,1,0,33,0,1,0,0,1,0
568,3,5,7,4,2,3,3,4,5,5,3,5,260,0,0,0,0,0,0,0,0,0,0,0,1,1,1,1,0,1,1,1,1,40,0,0,0,0,1,0
569,2,2,6,1,2,4,3,2,3,1,4,3,240,0,0,0,0,0,0,0,0,0,0,1,0,1,1,1,0,1,1,1,1,39,0,1,0,0,1,0
570,2,5,7,5,5,3,2,2,3,2,1,3,170,0,0,0,0,0,1,0,0,0,0,0,0,1,1,1,0,1,1,1,0,33,1,1,0,0,1,0
571,7,6,7,5,5,5,5,3,7,6,5,6,200,1,0,0,0,0,0,0,0,1,0,0,0,0,0,1,0,0,0,1,1,29,1,0,0,0,1,0
572,4,6,5,6,4,3,3,4,1,4,2,4,150,0,0,0,0,0,0,0,1,0,0,0,0,1,0,0,0,0,1,1,1,39,0,1,0,0,1,0
573,6,5,5,4,4,5,6,4,3,7,4,6,290,1,0,0,0,0,0,1,0,0,0,0,0,1,0,1,0,0,1,1,0,25,0,1,0,0,1,0
574,7,4,7,3,7,2,6,3,3,5,5,4,250,1,0,0,0,0,0,0,0,0,1,0,0,0,1,1,0,1,0,1,0,28,0,1,0,0,1,0
575,5,7,5,5,4,5,7,4,3,7,4,7,260,1,0,0,0,0,0,1,0,0,0,0,0,1,1,1,0,1,0,1,0,25,0,1,0,0,1,0
576,4,5,7,5,1,4,3,4,5,6,4,4,190,1,0,0,0,0,1,0,0,0,0,0,0,1,1,1,0,1,1,1,0,32,1,1,0,0,1,0
577,4,7,7,5,7,5,2,4,5,6,6,6,160,1,0,0,0,0,0,1,0,0,0,0,0,1,0,1,0,0,0,1,1,30,0,1,0,0,0,0
578,5,4,3,1,5,3,4,1,3,5,3,3,190,1,0,0,0,0,0,0,0,0,1,0,0,0,0,0,0,0,1,0,0,34,1,1,0,0,0,1
579,6,5,6,4,7,4,3,2,2,6,5,5,260,0,0,0,1,0,0,0,0,0,0,0,0,1,0,0,0,0,1,0,1,32,1,0,0,1,0,0
580,3,5,2,6,2,4,4,5,1,4,2,4,330,0,0,0,0,0,0,0,0,1,0,0,0,0,1,0,1,1,0,1,0,33,1,1,0,0,1,0
581,4,6,2,7,2,3,7,5,1,5,2,4,210,1,0,0,0,0,0,0,0,1,0,0,0,0,0,0,1,0,1,0,1,36,0,1,0,0,1,0
582,6,4,7,4,5,4,5,4,5,5,5,5,180,0,0,0,0,0,1,0,0,0,0,0,0,0,0,1,0,0,1,1,0,25,1,0,0,0,1,0
583,2,4,4,3,3,4,3,4,3,1,2,3,140,0,0,0,0,0,0,0,0,0,0,1,0,1,0,1,0,0,1,0,0,40,1,1,0,1,0,0
584,2,4,5,4,4,3,3,2,3,3,3,4,270,0,0,0,0,0,1,0,0,0,0,0,0,1,0,1,0,0,1,1,0,39,1,1,0,0,0,1
585,3,6,4,5,3,4,5,4,3,6,4,5,240,1,0,0,0,0,0,0,1,0,0,0,0,1,0,1,0,0,1,1,0,35,0,1,0,0,0,0
586,4,4,6,4,4,3,1,1,4,5,3,3,140,1,0,0,0,1,0,0,0,0,0,0,0,0,0,0,0,0,1,0,0,35,0,1,0,0,1,0
587,3,2,4,1,4,3,4,3,5,2,3,3,200,1,0,0,1,0,0,0,0,0,0,0,0,0,0,0,0,0,1,0,1,43,0,0,0,0,1,0
588,4,5,6,5,4,6,5,5,4,5,6,4,190,1,0,0,0,0,0,1,0,0,0,0,0,1,1,1,0,0,0,0,1,31,1,0,0,0,0,0
589,3,4,5,4,4,3,3,3,5,3,3,4,150,1,0,0,0,0,0,1,0,0,0,0,0,1,0,1,0,0,1,1,0,38,0,1,0,1,0,0
590,3,5,2,5,2,3,4,4,3,1,1,3,200,0,0,0,0,0,0,0,0,0,0,0,1,0,0,0,0,0,1,0,1,43,1,0,0,0,0,1
591,4,6,2,5,2,3,7,4,4,2,1,4,310,0,1,0,0,0,0,0,0,1,0,0,0,0,1,0,1,0,1,0,1,42,0,0,0,0,0,1
592,4,5,5,5,4,6,7,4,3,4,4,5,180,1,0,0,0,0,0,0,1,0,0,0,0,1,0,1,0,0,1,1,1,33,0,1,0,0,0,1
593,3,4,2,7,2,4,4,5,3,4,2,4,180,0,0,0,0,0,0,0,0,0,0,0,0,0,1,1,0,0,1,0,0,41,0,1,0,1,0,0
594,5,2,5,3,3,6,2,5,4,5,6,6,150,0,0,0,0,0,0,1,0,0,0,0,0,1,0,0,0,0,0,1,0,24,0,1,0,0,0,1
595,3,5,5,2,4,3,3,2,5,3,4,4,170,1,0,0,0,1,0,0,0,0,0,0,0,0,0,0,0,0,1,0,0,40,0,0,0,0,0,1
596,6,4,3,7,2,4,7,6,4,5,3,3,220,1,0,0,0,0,0,0,0,1,0,0,0,0,1,0,1,1,1,0,0,40,0,0,0,0,0,1
597,3,1,4,2,3,3,4,3,2,3,3,3,170,1,0,0,0,0,0,1,0,0,0,0,0,0,0,0,0,0,1,0,1,39,0,1,0,1,0,0
598,3,1,4,5,3,3,4,3,3,7,4,5,270,1,0,0,1,0,0,0,0,0,0,0,0,0,0,0,0,0,1,0,0,39,0,1,0,0,0,1
599,3,2,5,3,4,3,3,1,6,3,3,3,170,0,0,0,0,0,0,0,0,0,0,1,0,1,1,1,0,1,1,1,0,40,1,1,0,0,1,0
600,4,5,4,4,3,4,3,4,6,7,3,5,230,1,0,0,1,0,0,0,0,0,0,0,0,1,1,1,0,1,1,1,0,39,0,1,0,0,1,0
601,2,6,5,2,4,3,4,1,5,3,3,3,240,0,0,0,0,0,0,0,0,0,0,0,1,1,1,1,0,1,1,1,1,45,0,1,0,0,1,0
602,4,5,4,3,3,3,3,3,5,3,3,3,190,1,0,0,1,0,0,0,0,0,0,0,0,0,0,0,0,0,1,0,1,41,1,0,0,0,1,0
603,4,5,5,2,4,3,4,2,4,4,3,3,140,1,0,0,0,1,0,0,0,0,0,0,0,0,0,0,0,0,1,0,0,39,1,1,0,1,0,0
604,4,5,4,5,3,5,5,4,3,5,3,6,270,1,0,0,0,0,0,0,1,0,0,0,0,1,0,1,0,1,1,1,1,34,0,1,0,0,0,0
605,4,6,5,3,4,3,3,3,5,3,4,3,190,1,0,0,0,0,0,0,0,0,0,0,0,0,0,0,0,0,1,0,1,41,0,1,0,0,1,0
606,3,3,1,6,2,4,5,6,1,3,1,4,200,0,0,0,0,0,0,0,0,1,0,0,0,0,1,0,1,1,1,1,0,38,0,1,0,0,1,0
607,3,5,7,5,5,7,7,4,3,7,4,7,210,1,0,0,0,0,0,0,0,1,0,0,0,1,0,1,0,1,0,1,0,32,0,1,0,0,0,0
608,5,6,5,5,3,5,7,4,3,7,5,7,310,1,1,0,0,0,0,0,0,1,0,0,0,1,0,1,0,1,1,0,1,36,0,0,0,0,0,1
609,7,5,2,4,3,1,3,2,4,3,2,4,250,0,0,0,0,0,0,0,0,0,1,0,0,0,0,0,0,0,1,0,1,39,0,1,0,0,1,0
610,3,4,5,4,4,3,4,4,3,4,3,5,200,0,0,0,0,0,0,0,0,0,0,0,1,1,0,0,0,1,1,1,1,41,0,0,0,0,1,0
611,4,6,3,5,2,3,4,5,1,4,3,4,310,0,0,0,0,0,0,0,0,1,0,0,0,0,1,0,1,1,1,0,0,37,1,1,0,0,0,0
612,5,4,7,2,6,5,5,2,5,6,4,4,190,1,0,0,0,0,0,0,0,0,0,1,0,1,0,1,0,0,1,1,0,30,1,1,0,1,0,0
613,6,5,3,5,3,2,3,3,3,3,2,3,150,1,0,0,0,0,0,1,0,0,0,0,0,1,0,0,0,0,1,0,0,40,1,1,1,0,0,0
614,4,5,7,4,5,3,5,1,3,5,5,5,200,0,0,0,0,0,0,0,0,0,0,0,0,1,0,1,0,0,1,0,0,34,0,1,0,1,0,0
615,4,5,2,4,2,4,4,5,2,5,4,3,230,1,0,0,0,0,0,0,0,1,0,0,0,0,1,0,1,0,1,0,1,36,1,1,0,0,0,0
616,3,4,4,4,3,3,3,3,3,3,2,4,180,0,0,0,0,0,0,0,1,0,0,0,0,1,0,0,0,0,1,0,1,40,0,1,0,1,0,0
617,6,7,1,4,1,3,7,7,3,1,1,3,380,1,1,0,0,0,0,0,0,0,0,0,1,1,1,0,1,1,0,1,1,34,0,1,0,0,0,0
618,3,2,5,3,4,3,4,2,4,4,3,3,150,1,0,0,0,0,0,0,0,0,0,1,0,1,1,0,1,1,1,1,0,38,1,1,0,1,0,0
619,5,4,6,5,4,4,5,5,5,5,5,4,210,0,0,0,0,0,1,0,0,0,0,0,0,1,1,1,1,1,1,1,1,32,0,1,0,0,1,0
620,3,2,5,1,4,3,4,2,4,3,4,3,140,0,0,0,0,0,0,0,0,0,0,1,0,0,1,0,0,1,1,1,0,37,0,1,0,1,0,0
621,3,3,2,1,3,3,3,4,6,2,2,4,300,0,0,0,1,0,0,0,0,0,0,0,0,1,1,0,1,1,1,1,1,42,0,0,0,0,1,0
622,5,5,5,1,3,5,4,4,3,6,4,7,300,1,0,0,0,0,0,0,0,1,0,0,0,1,0,0,0,0,1,0,1,27,1,0,0,0,1,0
623,3,4,4,5,3,6,4,7,4,5,6,6,190,1,0,0,0,0,0,1,0,0,0,0,0,1,0,1,1,0,0,1,1,26,1,0,0,0,0,1
624,2,1,3,7,3,3,3,3,5,2,3,3,170,0,0,0,1,0,0,0,0,0,0,0,0,1,0,0,0,1,1,0,1,40,0,0,0,0,1,0
625,6,5,4,3,3,2,3,3,3,5,3,3,190,1,0,0,0,0,0,0,0,0,0,0,1,0,0,0,0,0,1,0,0,40,1,1,0,1,0,0
626,5,4,6,4,5,4,5,5,6,4,5,5,140,1,0,0,0,1,0,0,0,0,0,0,0,1,1,1,0,0,1,0,1,30,0,1,0,1,0,0
627,4,4,4,6,3,4,3,3,1,3,4,4,260,1,0,0,0,1,0,0,0,0,0,0,0,1,0,0,0,1,1,0,0,39,0,1,0,0,1,0
628,3,4,3,3,3,2,3,2,4,2,1,4,190,0,0,0,0,0,0,0,1,0,0,0,0,0,0,0,0,0,1,0,0,42,1,1,0,0,1,0
629,5,6,4,5,3,4,7,4,3,7,5,5,270,1,0,0,0,0,0,0,0,1,0,0,0,1,0,1,1,1,1,1,0,37,1,0,0,0,0,1
630,2,4,3,5,3,5,5,5,3,3,3,4,160,0,1,0,0,0,0,0,0,0,0,0,1,1,1,0,1,0,1,0,0,36,1,0,0,0,0,0
631,3,3,4,2,3,4,3,4,4,2,3,3,150,1,0,0,0,0,0,0,0,0,0,1,0,0,0,0,0,0,1,0,0,41,0,0,0,0,1,0
632,6,7,4,1,3,4,4,4,2,5,3,5,190,1,0,0,0,0,0,1,0,0,0,0,0,1,1,0,1,1,1,1,0,36,1,1,0,0,0,1
633,7,7,5,2,4,3,4,2,2,6,4,4,240,1,0,0,0,0,0,0,0,0,0,0,0,0,1,0,0,1,1,1,0,38,0,1,0,0,1,0
634,4,6,3,5,3,1,4,1,1,3,1,4,240,1,0,0,0,0,0,0,0,0,1,0,0,0,1,0,0,1,1,1,1,37,1,1,0,0,1,0
635,4,3,4,5,3,5,5,4,3,6,4,6,250,1,0,0,0,0,0,0,0,0,1,0,0,1,0,0,1,0,1,0,0,31,0,0,0,0,0,1
636,6,3,1,5,2,1,3,3,3,2,1,4,240,0,0,0,0,0,0,0,0,0,1,0,0,0,0,0,0,0,1,0,1,38,0,1,0,0,1,0
637,1,6,6,1,4,4,1,1,3,1,3,4,170,0,0,0,0,1,0,0,0,0,0,0,0,1,1,0,1,1,1,0,1,44,0,0,0,0,1,0
638,7,7,4,7,4,2,3,2,2,4,3,4,180,0,0,0,0,0,0,0,0,0,0,0,1,0,1,0,0,0,1,0,1,42,1,0,0,0,0,1
639,3,2,5,3,4,3,3,1,3,3,3,4,270,0,0,0,0,0,0,0,0,0,0,0,1,0,0,0,0,0,1,0,1,40,1,0,0,0,1,0
640,5,3,3,5,2,4,7,6,2,5,4,3,220,0,0,0,0,0,0,0,0,1,0,0,0,1,1,0,1,1,1,1,1,39,0,1,0,0,0,0
641,4,3,4,5,3,5,7,4,3,6,5,6,200,1,0,0,0,0,0,0,0,0,1,0,0,1,0,1,1,1,0,1,1,34,0,0,0,0,0,1
642,4,6,5,4,4,3,3,3,4,3,3,4,260,1,0,1,0,0,0,0,0,0,0,0,0,0,0,0,0,0,1,0,1,39,0,0,0,0,1,0
643,6,4,7,5,5,5,7,4,3,7,4,6,180,1,0,0,0,0,0,0,0,0,1,0,0,1,0,1,1,1,0,1,1,34,0,0,0,0,1,0
644,5,5,1,7,2,4,7,7,1,5,3,5,320,1,0,0,0,0,0,0,0,1,0,0,0,1,1,0,1,1,0,1,0,34,0,1,0,0,0,0
645,2,7,4,4,3,6,4,4,3,7,5,7,240,1,0,0,0,0,0,0,0,0,1,0,0,1,0,1,1,1,1,1,1,31,1,0,0,0,0,0
646,6,3,7,4,3,4,4,4,2,4,3,5,170,1,0,0,0,1,0,0,0,0,0,0,0,1,0,0,1,1,1,1,0,40,1,1,0,1,0,0
647,4,4,7,5,4,3,3,3,4,4,3,3,180,0,0,0,0,0,1,0,0,0,0,0,0,0,0,0,0,0,1,0,0,32,0,1,0,0,1,0
648,4,5,6,2,5,4,5,3,4,5,5,4,150,0,0,0,0,0,0,0,0,0,0,0,0,1,0,1,0,1,1,0,0,33,0,0,0,1,0,0
649,5,5,3,5,4,5,7,4,3,7,4,5,280,1,1,0,0,0,0,0,0,0,1,0,0,1,0,1,1,1,0,1,1,36,1,0,0,0,1,0
650,6,5,4,5,5,4,5,3,6,5,5,4,100,1,0,0,0,0,0,1,0,0,0,0,0,1,0,1,1,0,1,0,1,31,1,1,0,1,0,0
651,3,4,1,3,2,3,4,1,3,3,4,4,180,0,0,0,0,0,0,1,0,0,0,0,0,1,0,0,1,0,1,1,0,39,0,1,0,1,0,0
652,4,6,6,5,7,6,7,3,3,4,4,5,220,0,0,0,0,1,0,0,0,0,0,0,0,0,1,1,1,1,1,0,0,31,1,1,0,1,0,0
653,5,6,5,5,2,5,4,4,3,7,5,7,280,1,0,0,0,0,0,0,0,0,1,0,0,1,0,1,0,1,1,1,1,31,1,0,0,0,0,0
654,5,5,6,5,3,4,5,3,5,5,5,5,210,0,0,0,0,0,0,0,0,0,1,0,0,1,0,1,0,0,1,0,1,28,1,1,0,0,1,0
655,2,4,1,4,4,5,2,4,2,4,3,3,210,1,0,0,0,0,0,0,0,1,0,0,0,1,1,0,1,1,1,1,0,37,1,1,0,0,0,0
656,4,4,5,4,3,4,3,3,3,3,4,4,190,0,0,0,0,0,0,0,0,0,0,1,0,1,0,0,0,0,1,0,0,39,0,1,0,0,0,1
657,4,6,1,7,1,4,7,5,1,5,3,3,200,0,0,0,0,0,0,0,0,1,0,0,0,1,1,0,0,1,1,0,0,42,1,1,0,0,0,0
658,4,6,5,4,1,4,4,4,3,7,5,5,240,1,1,0,0,0,0,0,0,0,1,0,0,1,0,1,1,1,0,1,1,36,1,0,0,0,1,0
659,4,4,2,2,3,2,3,1,5,3,3,4,160,0,0,0,0,0,0,1,0,0,0,0,0,1,1,0,1,1,1,1,0,39,1,1,0,0,0,1
660,4,7,5,5,1,4,7,4,1,6,3,4,250,1,1,0,0,0,0,0,0,1,0,0,0,1,0,0,0,1,1,0,1,37,1,0,0,0,0,0
661,2,1,4,1,3,3,3,3,4,3,4,3,110,0,0,0,0,0,0,1,0,0,0,0,0,1,0,0,0,0,1,0,1,34,0,1,0,0,1,0
662,3,4,4,4,5,3,4,4,5,3,3,5,200,0,0,0,0,0,0,0,1,0,0,0,0,1,1,0,1,1,1,1,0,39,1,1,0,0,0,1
663,6,6,7,6,7,3,5,2,5,5,5,4,160,0,0,0,0,0,0,0,0,0,1,0,0,1,0,1,0,0,1,0,1,25,1,1,0,1,0,0
664,3,3,5,2,7,4,4,3,4,3,4,4,220,0,0,0,0,1,0,0,0,0,0,0,0,1,0,0,0,1,1,0,1,40,1,1,0,1,0,0
665,6,7,7,5,7,5,7,4,5,5,5,5,230,1,0,0,0,0,1,0,0,0,0,0,0,1,1,1,1,1,0,0,0,27,1,1,0,1,0,0
666,1,4,3,4,1,5,5,5,2,4,4,3,170,1,0,0,0,0,0,0,0,1,0,0,0,1,1,0,1,1,1,1,0,39,0,1,0,0,0,0
667,4,4,7,4,6,7,7,4,4,7,4,6,210,1,0,0,0,0,0,0,0,0,1,0,0,1,0,1,1,1,1,1,1,36,1,0,0,0,0,0
668,3,5,4,5,3,4,5,4,3,6,4,5,240,1,0,0,0,0,0,0,0,0,1,0,0,1,0,1,1,1,0,1,0,35,0,0,0,0,0,0
669,3,6,1,7,1,3,7,6,3,2,1,4,240,0,0,0,0,0,0,0,0,1,0,0,0,1,0,0,0,0,1,0,1,36,0,1,0,0,0,0
670,2,4,3,4,2,3,4,4,3,4,3,4,170,0,0,0,1,0,0,0,0,0,0,0,0,1,1,0,0,0,1,0,0,43,1,0,0,0,1,0
671,4,5,5,5,4,5,7,4,3,6,5,5,210,1,1,0,0,0,0,0,0,0,1,0,0,1,0,1,1,1,1,0,0,37,1,0,0,0,0,0
672,3,5,5,5,3,3,4,4,5,7,3,6,280,0,0,1,0,0,0,0,0,0,0,0,0,1,0,0,0,1,1,0,1,40,0,1,0,0,1,0
673,2,3,3,3,3,3,3,3,6,2,2,3,170,0,0,0,0,0,0,0,0,0,0,1,0,1,1,0,1,1,1,0,0,43,0,1,0,0,1,0
674,6,5,7,5,6,5,7,4,5,5,5,5,200,1,0,0,0,0,0,0,0,0,1,0,0,0,1,1,1,1,0,0,0,25,1,1,0,1,0,0
675,4,4,7,4,6,3,4,3,6,3,3,5,160,0,0,0,0,0,1,0,0,0,0,0,0,1,1,0,1,1,1,1,0,32,0,1,0,0,0,1
676,7,5,3,5,3,1,3,1,6,3,3,4,280,0,0,0,0,0,0,0,0,0,1,0,0,0,0,0,0,0,1,0,1,39,0,1,0,0,1,0
677,2,2,5,1,4,3,3,2,6,3,4,3,110,0,0,0,0,0,0,1,0,0,0,0,0,0,0,0,0,0,1,0,0,34,0,1,0,1,0,0
678,5,6,3,6,3,4,7,5,1,2,2,3,320,0,0,0,0,0,0,0,0,1,0,0,0,1,1,0,0,0,1,0,0,41,0,0,0,0,0,0
679,5,5,4,5,3,2,3,2,6,3,3,3,150,0,0,0,0,1,0,0,0,0,0,0,0,1,1,0,1,1,1,1,0,39,0,0,0,1,0,0
680,3,4,5,4,4,3,3,1,1,3,3,3,260,0,0,0,0,1,0,0,0,0,0,0,0,1,1,1,1,1,1,1,0,40,1,1,0,0,0,1
681,4,6,5,4,3,5,4,4,3,6,5,6,240,1,0,0,0,0,0,0,0,0,1,0,0,1,0,1,1,1,0,1,1,31,1,1,0,0,1,0
682,5,4,5,3,4,2,3,2,1,4,4,3,290,0,0,0,0,0,0,0,0,0,1,0,0,0,0,0,0,0,1,0,1,32,0,1,0,0,1,0
683,2,7,2,7,2,3,3,5,3,1,2,3,200,1,1,0,0,0,0,0,0,1,0,0,0,0,0,0,0,0,1,0,1,43,0,0,0,0,0,0
684,2,4,5,4,4,3,4,2,6,3,2,4,220,0,0,0,0,0,0,0,1,0,0,0,0,1,0,0,1,0,1,0,0,41,0,1,0,0,0,1
685,3,3,4,4,3,3,4,2,3,3,2,4,200,0,0,0,0,0,0,0,0,0,0,0,1,1,1,0,1,1,1,1,1,44,1,1,0,0,0,1
686,3,3,2,5,2,3,4,5,1,1,1,3,210,1,0,0,0,0,0,0,0,1,0,0,0,1,1,0,1,1,1,1,1,42,0,1,0,0,0,0
687,5,4,2,7,2,3,7,5,1,3,2,4,200,0,0,0,0,0,0,0,0,1,0,0,0,1,0,0,1,1,1,1,0,39,1,1,0,0,1,0
688,4,6,6,3,4,6,3,5,2,5,7,6,170,1,0,0,0,0,0,0,0,0,0,0,0,0,1,1,1,0,0,1,1,29,1,1,0,0,0,0
689,2,6,2,4,2,4,3,5,1,4,2,4,340,1,1,0,0,0,0,0,0,1,0,0,0,0,0,0,0,0,1,0,1,43,1,0,0,0,0,0
690,5,6,3,5,2,4,7,7,2,5,4,5,370,1,0,0,0,0,0,0,0,0,1,0,0,0,0,0,0,0,1,0,1,35,0,1,0,0,1,0
691,3,3,1,5,1,3,4,6,2,3,2,4,330,1,1,0,0,0,0,0,0,0,1,0,0,1,1,0,1,1,1,1,1,35,1,1,0,0,1,0
692,6,3,4,5,4,2,3,2,3,4,4,4,220,0,0,0,0,0,1,0,0,0,0,0,0,1,1,0,1,1,1,1,0,34,0,1,0,1,0,0
693,2,3,4,1,3,3,4,3,4,2,3,3,130,0,0,0,0,0,0,1,0,0,0,0,0,1,1,0,1,1,1,1,0,36,0,1,0,0,1,0
694,3,3,5,5,3,6,4,5,3,5,6,4,250,1,0,0,0,0,0,0,0,0,0,1,0,1,1,1,1,0,0,1,1,30,1,1,0,0,0,1
695,2,3,3,4,2,5,4,6,4,4,3,4,200,0,0,0,0,0,0,0,0,0,1,0,0,1,1,0,0,0,1,0,0,43,0,1,0,0,0,0
696,6,5,4,5,3,4,7,4,3,6,4,5,210,1,0,0,0,0,0,0,0,0,1,0,0,1,0,1,1,1,0,1,0,35,1,1,0,0,0,0
697,3,6,1,5,1,3,4,5,2,3,2,4,170,1,0,0,0,0,0,0,0,0,1,0,0,0,0,0,0,0,1,0,0,33,0,1,0,0,1,0
698,3,4,5,5,4,3,4,4,3,4,4,5,200,0,0,0,0,0,0,0,1,0,0,0,0,0,1,0,0,0,1,0,1,42,0,1,0,1,0,0
699,3,3,2,4,2,4,4,6,1,4,3,3,190,0,0,0,0,0,0,0,0,0,0,0,1,1,0,0,1,0,1,0,1,36,0,1,0,0,1,0
700,4,3,5,2,3,6,3,6,3,5,6,6,240,1,0,0,0,0,0,0,0,0,0,1,0,1,0,1,1,0,0,1,0,27,0,1,0,0,0,1
701,6,5,4,5,3,2,3,3,3,4,3,4,190,0,0,0,0,0,0,0,0,0,0,0,0,0,0,0,0,0,1,0,1,43,1,1,0,0,1,0
702,4,6,4,4,3,4,4,4,4,6,5,4,210,1,0,0,0,0,0,0,0,0,0,1,0,1,1,1,1,0,0,1,1,30,1,1,0,0,0,0
703,5,5,6,5,4,5,7,4,3,7,4,7,250,1,0,0,0,0,0,0,0,0,1,0,0,1,0,1,1,1,0,1,0,25,0,1,0,0,0,0
704,5,5,3,5,3,4,4,5,5,2,3,3,220,0,0,0,0,1,0,0,0,0,0,0,0,1,1,0,1,1,1,1,1,41,0,0,0,0,1,0
705,5,6,6,5,4,6,7,4,3,7,4,7,190,1,0,0,0,0,0,0,0,0,1,0,0,1,0,1,1,0,1,0,0,33,0,0,0,0,0,1
706,2,5,1,4,4,3,4,4,3,4,2,3,190,1,0,0,0,0,0,0,0,0,0,0,1,1,1,0,0,1,1,1,0,39,0,0,0,0,0,1
707,3,4,4,4,1,3,4,3,4,3,2,4,250,0,0,0,0,0,0,0,1,0,0,0,0,1,1,0,1,1,1,1,0,39,1,1,0,0,1,0
708,6,7,4,7,3,2,4,3,6,4,3,4,230,0,0,0,1,0,0,0,0,0,0,0,0,1,1,0,1,1,1,1,1,43,0,1,0,0,1,0
709,3,2,5,1,3,4,4,3,3,2,4,3,230,0,0,0,0,0,0,0,0,0,0,0,0,0,0,0,0,0,1,0,1,41,0,1,0,0,1,0
710,5,6,4,5,1,4,4,5,1,5,4,5,220,0,1,0,0,0,0,0,0,0,1,0,0,1,1,0,1,1,1,0,1,42,0,0,0,0,0,1
711,3,4,3,4,5,2,3,2,6,2,1,3,260,0,0,0,0,0,0,0,0,0,0,0,1,1,1,0,1,1,1,1,1,43,1,1,0,0,1,0
712,6,5,3,5,6,2,3,3,3,3,2,4,240,0,0,1,0,0,0,0,0,0,0,0,0,1,1,0,1,1,1,1,1,41,1,0,0,0,1,0
713,2,4,2,5,3,4,4,5,3,4,2,4,310,1,0,0,0,0,0,0,0,0,1,0,0,1,1,0,1,0,1,1,0,35,0,1,0,0,1,0
714,4,6,4,4,4,4,4,4,3,7,4,4,280,1,1,0,0,0,0,0,0,0,1,0,0,1,0,0,0,1,1,0,0,34,0,0,0,0,1,0
715,7,6,3,5,4,1,3,2,6,3,3,4,250,0,0,0,0,0,0,0,0,0,1,0,0,0,0,0,0,0,1,0,0,33,0,1,0,0,1,0
716,3,5,3,4,7,4,3,4,3,5,4,5,210,0,0,0,0,0,0,0,0,0,0,0,0,1,1,0,1,1,1,1,0,39,0,0,0,1,0,0
717,4,3,6,3,3,6,3,4,5,5,7,4,210,0,0,0,0,0,0,0,0,0,0,1,0,1,1,1,1,0,0,1,1,25,0,1,0,1,0,0
718,2,3,4,3,6,3,3,4,4,3,4,4,150,0,0,0,0,0,0,1,0,0,0,0,0,1,0,0,1,0,1,1,1,34,0,1,0,0,1,0
719,3,4,2,4,4,3,2,5,1,3,2,3,200,1,0,0,0,0,0,0,0,0,1,0,0,1,1,0,0,1,1,0,1,38,1,1,0,0,0,0
720,6,4,3,3,5,2,5,4,5,5,4,5,180,1,0,0,0,0,0,0,0,0,0,1,0,1,0,1,0,1,1,0,1,35,0,1,0,1,0,0
721,4,6,7,5,3,6,5,4,3,6,5,6,210,1,0,0,0,0,0,0,0,0,1,0,0,1,0,0,0,0,1,0,1,33,0,1,0,0,0,0
722,4,4,6,3,5,3,3,1,4,4,4,4,160,0,0,0,0,0,0,1,0,0,0,0,0,0,0,0,0,0,1,0,1,34,0,1,0,1,0,0
723,5,5,3,4,5,4,5,3,4,5,5,5,220,0,0,0,0,1,0,0,0,0,0,0,0,0,1,1,1,1,1,0,1,35,1,1,0,1,0,0
724,6,5,7,5,5,3,5,3,5,5,5,4,190,0,0,0,0,0,0,0,0,0,1,0,0,1,1,1,1,1,0,0,0,25,1,1,0,0,0,1
725,4,5,5,5,3,5,4,4,3,5,4,6,350,1,1,0,0,0,0,0,0,0,0,1,0,1,0,1,0,0,1,0,1,35,1,0,0,0,1,0
726,4,4,6,4,4,3,3,2,3,4,4,4,210,0,0,0,0,1,0,0,0,0,0,0,0,0,0,0,0,0,1,0,1,39,0,1,0,1,0,0
727,4,6,4,4,3,5,3,4,3,6,4,6,220,1,0,0,0,0,0,0,0,0,0,1,0,1,0,1,1,1,1,1,1,33,1,1,0,0,0,0
728,4,5,6,5,5,4,5,2,3,5,5,4,210,1,0,0,0,0,0,0,0,0,0,1,0,1,1,1,1,1,0,0,0,29,0,1,0,0,1,0
729,6,5,2,4,3,2,3,3,4,3,3,4,150,0,0,0,0,0,0,1,0,0,0,0,0,0,0,0,0,0,1,0,1,35,1,1,0,1,0,0
730,6,6,3,6,3,1,3,1,2,3,2,4,230,0,0,0,0,0,0,0,0,0,1,0,0,1,1,0,1,1,1,1,0,41,0,1,0,0,0,1
731,6,4,1,3,4,3,3,2,3,5,3,4,280,0,0,0,0,0,0,0,0,0,0,0,0,1,0,0,1,0,1,1,1,36,1,1,0,0,1,0
732,3,3,1,1,5,4,2,1,3,2,3,3,200,0,0,0,0,1,0,0,0,0,0,0,0,1,1,0,1,1,1,1,1,38,1,0,0,0,1,0
733,1,5,3,7,2,5,5,7,2,5,2,4,250,0,1,0,0,0,0,0,0,0,1,0,0,1,1,0,1,1,1,0,1,45,1,0,0,0,1,0
734,3,6,1,5,2,3,3,5,1,3,1,3,220,1,0,0,0,0,0,0,0,0,1,0,0,0,1,0,0,0,1,0,1,34,1,1,0,0,0,1
735,5,6,1,6,3,1,3,1,2,3,1,4,180,0,0,0,0,0,0,0,1,0,0,0,0,0,0,0,0,1,1,0,1,40,1,1,0,0,1,0
736,4,5,1,5,4,6,2,4,3,5,7,4,190,1,0,0,0,0,0,0,0,0,0,1,0,1,1,1,1,0,0,1,1,27,1,0,0,0,0,0
737,5,5,1,5,3,5,2,5,2,5,6,4,190,1,0,0,0,0,0,0,0,0,0,1,0,1,1,1,1,0,0,0,1,31,1,0,0,0,0,0
738,3,4,3,4,3,3,3,3,3,2,2,4,170,1,0,0,0,0,0,0,0,0,0,0,0,1,1,0,1,1,1,1,1,40,1,0,0,0,1,0
739,5,5,5,5,3,2,3,2,2,3,2,4,270,0,0,0,0,0,0,0,0,0,0,0,1,1,0,0,1,0,1,1,0,40,1,1,0,0,1,0
740,5,5,3,5,3,1,3,2,3,3,2,4,130,0,0,0,0,0,0,0,1,0,0,0,0,1,1,0,1,1,1,1,0,40,0,1,1,0,0,0
741,2,4,1,5,1,4,5,7,3,4,2,3,340,0,1,0,0,0,0,0,0,0,1,0,0,0,1,0,0,1,1,0,0,41,0,0,0,0,0,0
742,3,2,3,2,3,3,3,4,5,2,2,3,240,1,0,0,1,0,0,0,0,0,0,0,0,1,1,0,1,1,1,1,1,39,0,0,0,0,1,0
743,4,4,6,4,1,4,3,3,3,3,3,4,260,1,0,0,0,0,0,0,0,1,0,0,0,1,1,0,1,1,1,1,1,40,0,0,0,0,1,0
744,5,4,5,4,5,3,3,2,6,4,4,3,160,0,0,0,0,0,0,1,0,0,0,0,0,0,0,0,0,0,1,0,0,33,1,1,0,0,0,1
745,3,4,3,4,5,4,3,4,1,5,4,5,220,1,0,0,1,0,0,0,0,0,0,0,0,1,0,0,1,1,1,1,1,40,0,0,0,1,0,0
746,6,5,5,4,7,4,5,4,2,5,5,5,260,0,0,0,0,0,0,0,0,0,1,0,0,1,0,1,0,0,1,0,0,25,0,1,0,0,1,0
747,6,5,7,5,5,6,5,4,3,5,6,6,190,1,0,0,0,0,0,0,0,0,0,1,0,1,0,0,0,0,1,0,1,25,0,1,0,0,0,0
748,6,5,5,5,6,3,3,2,2,5,4,4,260,0,0,0,0,0,0,0,0,0,1,0,0,1,0,0,1,0,1,1,0,34,0,1,0,0,0,1
749,3,5,3,4,6,3,3,4,1,4,3,5,190,0,0,0,0,0,0,0,1,0,0,0,0,1,1,0,1,1,1,1,0,40,0,1,0,1,0,0
750,4,5,4,5,5,4,5,4,3,6,5,4,150,1,0,0,0,0,0,1,0,0,0,0,0,1,1,1,1,0,0,1,1,27,0,1,0,1,0,0
751,4,3,6,1,2,3,4,1,4,4,3,3,200,0,0,0,0,0,0,0,0,0,1,0,0,0,0,0,0,0,1,0,0,33,1,1,0,0,1,0
752,2,3,3,3,7,3,3,3,4,2,3,4,170,0,0,0,0,0,0,1,0,0,0,0,0,1,1,0,1,1,1,1,1,41,0,1,0,0,1,0
753,7,6,6,4,5,5,5,4,3,7,6,7,240,1,0,0,0,0,0,0,0,0,0,0,1,1,0,1,1,1,0,1,1,25,1,1,0,0,0,0
754,5,5,3,5,7,4,5,3,3,6,5,6,230,1,0,1,0,0,0,0,0,0,0,0,0,1,0,1,0,1,1,0,1,33,1,1,0,0,0,1
755,5,5,3,5,4,2,3,2,2,3,2,4,230,0,0,0,0,0,0,0,0,1,0,0,0,1,1,0,1,1,1,0,0,43,0,0,0,0,1,0
756,4,5,4,4,1,5,4,4,3,6,6,6,250,1,1,0,0,0,0,0,0,0,0,0,1,1,0,1,1,1,1,1,1,33,1,0,0,0,0,0
757,4,5,2,5,1,4,5,6,2,4,3,3,310,1,1,0,0,0,0,0,0,0,1,0,0,0,1,0,1,0,1,1,0,35,0,0,0,0,1,0
758,3,2,3,1,2,2,3,2,6,2,3,3,140,1,0,0,0,0,0,1,0,0,0,0,0,0,0,0,0,0,1,0,0,41,0,1,0,0,1,0
759,5,5,4,6,5,7,3,5,3,5,7,4,230,1,0,0,0,0,0,1,0,0,0,0,0,1,1,1,1,0,0,1,0,25,1,1,0,1,0,0
760,4,3,5,3,4,4,3,3,4,4,4,4,150,0,0,0,1,0,0,0,0,0,0,0,0,1,1,0,1,1,1,0,0,45,1,0,0,0,1,0
761,4,6,6,5,4,6,5,4,3,7,5,5,240,1,0,0,0,0,0,0,0,0,0,0,1,1,0,0,0,0,1,0,1,31,1,1,0,0,1,0
762,5,1,7,2,7,5,5,2,4,5,4,4,220,1,0,0,0,0,0,0,0,1,0,0,0,1,0,1,0,1,1,0,1,33,0,1,0,0,0,1
763,3,6,4,3,4,3,3,2,4,3,3,3,210,1,0,0,0,0,0,1,0,0,0,0,0,0,1,0,0,1,1,1,1,37,0,1,0,1,0,0
764,3,1,3,1,3,2,2,3,6,2,3,3,190,1,0,0,0,0,0,1,0,0,0,0,0,1,0,0,1,0,1,1,1,33,1,1,0,1,0,0
765,3,4,4,4,3,3,3,3,4,2,2,4,220,1,0,0,0,0,0,0,1,0,0,0,0,1,1,0,0,0,1,0,0,41,0,0,0,1,0,0
766,4,3,5,4,4,4,3,4,4,4,4,4,210,0,0,0,0,0,1,0,0,0,0,0,0,0,1,0,0,1,1,1,0,37,1,1,0,0,1,0
767,4,6,7,5,5,4,5,1,3,5,5,4,220,1,0,0,0,0,0,0,0,0,0,0,1,1,1,1,1,1,1,0,1,31,0,1,0,0,1,0
768,4,2,4,6,4,7,2,7,3,5,6,4,170,0,0,0,0,0,0,0,1,0,0,0,0,1,1,1,1,0,0,1,0,25,1,1,0,1,0,0
769,3,6,5,4,4,6,3,7,3,5,6,4,200,1,0,0,0,0,0,0,1,0,0,0,0,1,0,1,1,0,0,0,0,24,1,1,0,0,0,1
770,4,5,5,6,4,3,3,4,4,3,3,3,170,1,0,0,0,0,0,0,0,0,0,1,0,1,0,0,1,0,1,1,0,34,0,1,0,1,0,0
771,4,5,6,7,4,6,4,6,2,5,6,4,240,0,0,0,0,0,0,0,1,0,0,0,0,1,1,1,1,0,0,1,1,24,1,1,0,0,0,0
772,4,5,7,2,5,4,4,1,4,4,3,3,210,0,0,0,0,0,0,0,0,0,1,0,0,0,0,0,0,0,1,0,0,33,1,1,0,0,1,0
773,5,3,6,5,4,5,3,3,3,5,6,4,160,0,0,0,0,0,0,0,0,1,0,0,0,1,1,1,1,0,0,1,1,25,1,1,0,0,0,0
774,6,7,4,5,3,4,5,4,3,6,4,7,230,1,0,0,0,0,0,0,0,0,0,0,1,1,0,0,1,1,1,1,1,34,0,1,0,0,1,0
775,3,3,3,4,3,2,3,3,4,2,1,4,180,1,0,0,0,0,0,1,0,0,0,0,0,1,1,0,1,1,1,1,0,42,1,1,0,0,0,1
776,5,2,4,1,4,2,3,2,3,4,3,3,230,1,0,0,0,0,1,0,0,0,0,0,0,0,0,0,0,0,1,0,0,34,0,1,0,0,1,0
777,4,6,4,3,3,3,3,3,1,3,3,4,250,0,0,0,0,0,0,0,0,0,0,1,0,1,0,0,1,1,1,1,1,40,0,1,0,0,1,0
778,4,3,4,3,5,7,3,5,2,5,7,4,240,1,0,0,0,0,0,0,0,1,0,0,0,1,0,0,1,0,0,0,1,25,0,1,0,0,0,1
779,2,5,5,5,3,6,4,4,3,7,4,6,280,1,1,0,0,0,0,0,0,0,0,0,1,1,0,0,1,1,1,1,1,37,0,0,0,0,0,1
780,3,4,2,4,2,4,5,4,1,5,4,4,220,0,1,0,0,0,0,0,0,0,0,1,0,0,1,0,1,1,1,1,1,41,1,0,0,0,0,1
781,6,6,3,5,3,5,5,4,3,6,4,7,280,1,0,0,0,0,0,0,0,0,0,0,1,1,0,0,1,1,0,1,1,27,1,1,0,0,0,0
782,3,4,2,4,2,3,3,5,1,1,1,3,210,0,0,0,0,0,0,0,0,0,0,1,0,0,1,0,1,1,0,1,0,40,0,1,0,0,1,0
783,5,4,7,3,5,4,5,3,5,5,5,5,270,0,0,0,0,0,1,0,0,0,0,0,0,0,0,1,0,0,1,0,1,28,0,1,0,0,1,0
784,4,6,6,1,4,4,5,4,3,7,6,6,250,1,0,0,0,0,0,0,0,0,0,0,0,1,0,0,0,1,1,1,1,25,0,1,0,0,0,0
785,5,6,4,3,3,2,3,4,3,5,4,5,220,0,0,0,0,0,0,0,0,0,1,0,0,0,0,0,0,0,1,0,1,32,0,1,0,0,1,0
786,3,3,3,6,3,4,2,1,1,2,2,4,170,0,0,0,0,0,0,0,0,0,0,1,0,1,1,0,1,1,1,1,0,39,1,1,0,0,0,1
787,2,5,2,7,2,3,3,5,1,3,2,4,320,0,1,0,0,0,0,0,0,0,0,1,0,0,1,0,0,0,1,0,1,39,1,1,0,0,0,0
788,5,4,7,2,5,4,5,2,3,5,5,5,210,0,0,0,0,0,0,0,0,0,0,0,1,1,0,1,1,0,1,1,0,32,0,1,0,0,0,1
789,3,4,5,4,4,6,3,6,4,5,7,6,160,1,0,0,0,0,0,0,0,1,0,0,0,1,0,1,1,1,0,1,1,25,1,1,0,0,0,0
790,2,5,5,4,3,3,3,4,3,4,3,4,260,0,0,1,0,0,0,0,0,0,0,0,0,0,0,0,0,0,1,0,0,46,1,0,0,0,1,0
791,3,5,4,2,3,6,5,6,3,5,6,4,200,0,0,0,0,0,0,0,0,1,0,0,0,0,1,1,1,0,0,1,1,30,1,1,0,0,0,0
792,4,5,5,7,4,7,4,5,3,4,4,5,230,1,0,0,0,0,0,0,0,0,0,0,0,1,0,0,1,1,1,1,1,32,1,1,0,0,0,0
793,4,5,5,5,3,2,4,4,3,7,6,6,230,1,0,0,0,0,0,0,0,0,0,0,0,1,0,0,0,0,1,0,1,35,0,1,0,0,1,0
794,2,3,5,4,3,2,2,4,5,7,3,5,130,1,0,0,0,0,0,1,0,0,0,0,0,0,0,0,0,0,1,0,0,33,0,1,0,0,1,0
795,6,6,7,7,5,1,3,1,2,5,3,4,210,0,0,0,0,0,1,0,0,0,0,0,0,1,1,0,1,1,1,1,0,33,1,1,0,0,1,0
796,3,5,3,5,3,4,2,4,4,5,3,5,220,0,0,0,0,0,0,0,0,1,0,0,0,1,1,0,0,0,1,0,0,42,0,1,0,0,1,0
797,6,4,6,4,4,6,5,1,3,5,5,5,190,1,0,0,0,0,0,0,0,1,0,0,0,0,0,1,0,0,1,0,1,33,1,0,0,0,1,0
798,4,5,4,2,3,7,5,4,5,6,6,4,210,0,0,0,0,0,0,0,0,1,0,0,0,1,1,1,1,0,0,0,1,29,0,1,0,0,0,0
799,3,5,5,2,3,7,5,6,4,5,6,6,250,0,0,0,0,0,0,0,0,1,0,0,0,1,1,1,1,0,0,1,1,29,0,1,0,0,0,0
800,1,2,4,2,3,3,3,3,4,2,3,3,150,0,0,0,0,1,0,0,0,0,0,0,0,1,1,1,1,1,1,0,0,45,1,1,0,0,0,1
801,4,6,2,5,2,4,5,6,2,4,3,4,310,1,1,0,0,0,0,0,0,0,0,0,1,0,1,0,1,1,1,1,1,37,0,0,0,0,0,1
802,3,4,5,4,4,3,4,2,3,3,3,4,240,1,0,0,0,0,0,0,0,0,1,0,0,1,0,1,1,0,1,1,0,34,0,1,0,0,1,0
803,3,5,5,5,3,6,5,3,2,6,5,4,160,0,0,0,0,0,0,0,0,1,0,0,0,1,1,1,1,1,0,0,1,24,1,1,0,1,0,0
804,2,6,3,5,2,4,5,4,1,5,2,4,160,0,0,0,0,0,0,0,0,0,0,0,1,0,1,0,1,1,1,1,1,44,1,1,0,0,1,0
805,3,4,5,4,3,6,5,6,4,5,6,4,220,0,0,0,0,0,0,0,0,1,0,0,0,1,1,1,1,1,0,1,1,29,1,1,0,0,0,0
806,3,5,4,6,3,3,3,4,4,2,2,3,210,0,0,0,0,1,0,0,0,0,0,0,0,1,1,0,0,0,1,0,1,44,0,1,0,0,1,0
807,4,4,5,3,4,4,3,4,5,3,3,3,250,1,0,0,0,0,1,0,0,0,0,0,0,0,0,0,0,0,1,0,1,35,0,1,0,0,1,0
808,2,2,4,1,3,3,2,3,5,2,3,3,200,0,0,0,0,0,0,1,0,0,0,0,0,0,0,0,0,0,1,0,0,39,1,1,0,0,1,0
809,4,6,6,5,4,6,5,4,3,7,6,6,250,1,0,0,0,0,0,0,0,0,0,0,0,1,0,0,0,1,1,1,1,34,1,0,0,0,1,0
810,3,5,3,4,2,4,3,4,1,6,4,4,340,1,1,0,0,0,0,0,0,0,0,0,1,0,1,0,1,1,1,1,1,39,0,0,0,0,0,0
811,2,3,2,4,2,4,3,4,1,4,4,4,330,1,1,0,0,0,0,0,0,0,0,0,1,0,1,0,1,1,1,1,0,38,0,1,0,0,0,1
812,6,6,5,5,4,3,3,2,2,4,4,4,220,0,0,1,0,0,0,0,0,0,0,0,0,1,1,1,1,1,1,0,0,43,1,0,0,0,0,1
813,5,5,4,4,3,4,3,4,5,3,4,3,150,0,0,0,0,0,0,0,0,0,0,1,0,0,0,0,0,0,1,0,0,41,0,1,0,0,1,0
814,4,4,4,3,3,4,3,4,5,6,6,4,180,0,0,0,0,0,0,0,0,1,0,0,0,1,1,1,1,0,0,1,1,30,1,1,0,1,0,0
815,4,4,5,4,4,4,3,4,3,4,3,4,140,0,0,0,0,0,0,0,0,0,0,0,1,1,1,0,0,0,1,0,0,44,1,1,0,1,0,0
816,4,5,3,5,2,4,5,5,2,5,4,2,230,0,1,0,0,0,0,0,0,0,0,0,1,0,1,0,0,0,1,0,0,38,0,0,0,0,1,0
817,3,5,6,4,4,6,4,6,5,5,6,4,160,1,0,0,0,0,0,0,0,1,0,0,0,1,1,1,1,0,0,0,1,26,0,1,0,0,0,0
818,4,5,4,4,3,4,5,4,3,6,4,5,290,1,0,0,0,0,0,0,0,0,0,0,0,1,0,0,1,1,0,1,1,32,0,0,0,0,0,0
819,3,5,3,4,3,3,3,3,3,4,3,5,150,0,0,0,0,0,0,1,0,0,0,0,0,1,1,0,1,1,1,1,0,40,0,1,0,1,0,0
820,4,7,4,4,5,7,3,5,4,5,7,4,240,0,0,0,0,0,0,0,0,0,0,0,1,1,1,1,1,1,0,1,1,28,0,1,0,0,0,1
821,4,5,3,5,2,4,4,4,6,2,2,4,140,0,0,0,0,0,0,1,0,0,0,0,0,0,0,0,0,1,1,0,0,40,1,1,0,0,0,1
822,3,3,4,4,3,2,3,1,6,3,2,3,200,1,0,0,0,0,1,0,0,0,0,0,0,1,0,0,1,0,1,1,1,35,1,1,0,0,1,0
823,1,6,5,4,3,6,7,4,3,7,5,6,250,1,0,0,0,0,0,0,0,0,0,0,0,1,0,0,0,0,1,0,1,31,0,0,0,0,0,0
824,3,1,6,2,5,3,3,1,3,4,3,3,180,1,0,0,0,0,0,1,0,0,0,0,0,1,0,0,1,0,1,1,0,33,0,1,0,1,0,0
825,3,7,3,3,3,4,3,3,5,6,3,4,250,0,0,1,0,0,0,0,0,0,0,0,0,1,1,0,1,1,1,0,0,46,1,0,0,0,1,0
826,3,5,6,4,4,4,4,3,6,2,3,3,140,0,0,0,0,0,0,0,1,0,0,0,0,1,1,0,1,1,1,1,0,41,0,1,0,0,0,1
827,4,1,5,1,4,3,4,2,1,4,3,3,220,1,0,0,0,0,0,0,0,0,0,1,0,1,0,0,1,0,1,1,1,38,1,1,0,0,1,0
828,5,4,1,7,1,4,5,7,3,4,2,2,160,1,0,0,0,0,0,0,0,0,0,0,1,0,1,0,1,1,1,0,0,45,0,1,0,0,0,0
829,4,5,6,3,4,6,3,5,4,5,7,6,150,1,0,0,0,0,0,0,0,0,0,0,1,1,1,0,1,0,0,0,1,26,1,1,0,0,0,0
830,5,5,7,5,5,7,5,4,4,7,6,7,230,1,0,0,0,0,0,0,0,0,0,0,0,1,0,0,1,0,1,1,1,25,1,0,0,0,0,1
831,4,4,3,4,3,4,3,4,6,6,4,5,220,0,0,0,0,0,0,0,1,0,0,0,0,1,1,0,1,1,1,1,0,35,0,1,0,0,1,0
832,4,2,2,6,2,4,5,6,4,4,3,2,200,0,0,0,0,0,0,0,0,0,0,0,1,0,1,0,1,1,0,1,0,30,1,1,0,0,1,0
833,6,5,7,3,6,5,5,3,6,6,4,5,210,1,0,0,0,0,1,0,0,0,0,0,0,0,0,1,0,0,1,0,0,25,0,1,0,0,0,1
834,4,1,5,5,4,5,2,4,3,5,6,4,210,0,0,0,0,0,0,0,0,0,0,0,0,1,1,1,1,1,0,1,1,29,1,1,0,0,0,0
835,2,4,1,5,1,4,3,6,2,2,1,4,210,0,0,0,0,0,0,0,0,0,0,0,1,0,1,0,1,1,0,1,0,41,0,1,0,0,1,0
836,4,5,4,5,3,3,4,4,5,6,3,6,230,1,0,1,0,0,0,0,0,0,0,0,0,1,0,0,1,1,1,1,1,41,0,0,0,0,1,0
837,4,5,7,5,5,7,5,4,3,7,6,6,270,1,0,0,0,0,0,0,0,0,0,0,0,1,0,0,0,0,1,0,1,30,1,0,0,0,1,0
838,4,6,3,5,2,3,3,4,6,5,3,6,170,1,0,0,0,0,0,0,1,0,0,0,0,0,1,0,0,1,1,1,1,41,1,1,0,0,1,0
839,4,6,2,5,2,4,3,3,6,4,2,5,290,1,0,0,0,0,0,0,0,0,0,0,1,1,0,0,1,1,1,1,1,40,1,1,0,0,1,0
840,3,6,3,4,2,4,3,4,5,6,3,4,250,0,0,0,0,0,0,0,0,0,0,0,1,1,0,0,1,0,1,1,0,37,0,1,0,0,1,0
841,6,7,2,7,2,4,5,6,3,5,3,2,380,1,0,0,0,0,0,0,0,0,0,0,1,0,1,0,0,0,1,0,1,44,0,1,0,0,0,0
842,4,6,4,5,3,3,4,3,3,5,4,6,240,1,0,0,0,0,0,0,0,0,0,0,1,1,0,0,1,0,1,1,1,37,0,1,0,0,1,0
843,3,5,4,5,5,7,3,5,6,5,7,4,210,1,0,0,0,0,0,0,0,0,0,0,0,1,0,0,1,0,0,1,1,25,1,1,0,0,0,0
844,5,6,5,5,4,6,5,4,3,4,4,6,280,1,0,0,0,0,0,0,0,0,0,0,0,1,0,0,0,0,1,0,1,29,0,0,0,0,1,0
845,4,4,5,5,4,6,2,6,5,5,6,6,200,0,0,0,0,0,0,0,0,0,1,0,0,1,0,1,1,0,1,1,1,27,1,1,0,1,0,0
846,4,3,5,3,4,6,2,6,3,5,7,6,140,1,0,0,0,0,0,0,0,0,1,0,0,0,1,1,1,0,1,1,1,25,1,1,1,0,0,0
847,4,4,3,4,3,2,3,2,1,3,2,4,110,1,0,0,0,0,0,0,1,0,0,0,0,1,1,0,1,1,1,1,0,44,0,1,0,0,1,0
848,4,6,4,4,3,4,3,5,1,7,4,4,190,1,0,0,0,0,0,0,0,0,0,0,1,0,1,0,1,1,0,1,0,38,0,1,0,0,0,0
849,3,4,3,4,3,3,3,4,5,2,2,4,300,1,0,0,0,0,0,0,0,0,0,0,1,0,0,0,0,0,1,0,0,40,1,0,0,0,1,0
850,6,5,6,5,4,5,5,4,3,7,6,6,250,1,0,0,0,0,0,0,0,0,0,0,0,1,0,0,1,1,0,1,1,25,1,0,0,0,1,0
851,2,5,1,7,1,4,3,7,2,1,1,1,210,0,0,0,0,0,0,0,0,0,0,0,1,0,1,0,0,0,1,0,1,42,0,1,0,0,1,0
852,5,4,5,1,4,2,3,1,3,4,3,3,210,0,0,0,0,0,0,0,0,0,0,0,1,1,1,1,0,1,1,0,0,42,0,1,0,0,0,1
853,4,3,4,4,4,6,2,4,2,5,7,4,180,0,0,0,0,0,0,0,0,0,1,0,0,1,1,1,1,1,1,1,1,26,1,1,0,1,0,0
854,5,2,2,6,2,1,3,2,2,2,1,4,210,0,0,0,0,0,0,0,0,0,0,0,1,0,0,0,0,0,1,0,1,39,0,0,0,0,1,0
855,5,6,4,4,3,4,5,4,3,7,6,6,350,1,0,0,0,0,0,0,0,0,0,0,0,1,0,0,0,0,1,0,1,36,0,0,0,0,1,0
856,4,7,3,2,3,2,3,1,2,3,3,4,200,1,0,0,1,0,0,0,0,0,0,0,0,0,0,0,0,0,1,0,0,42,0,0,0,0,1,0
857,4,7,4,5,3,4,4,5,1,7,4,4,200,1,0,0,0,0,0,0,0,0,0,0,1,0,1,0,0,0,1,0,0,40,0,1,0,0,0,0
858,2,4,4,1,3,3,3,2,4,2,4,3,150,0,0,0,0,0,0,1,0,0,0,0,0,1,1,1,1,1,1,1,0,34,0,1,0,0,1,0
859,5,4,2,6,2,3,5,5,2,1,1,4,240,0,0,0,0,0,0,0,0,0,0,0,1,0,1,0,1,1,1,1,1,41,1,1,0,0,0,0
860,5,5,6,4,4,4,5,4,6,4,5,4,210,0,0,0,0,0,0,0,1,0,0,0,0,1,1,1,1,1,0,1,1,24,0,1,0,1,0,0
861,4,2,7,4,5,4,4,3,3,3,4,4,160,0,0,0,0,0,0,0,0,0,0,1,0,0,0,0,0,0,1,0,0,33,0,1,0,0,1,0
862,2,7,4,4,3,5,3,6,3,3,3,4,160,0,1,0,0,0,0,0,0,0,0,0,1,0,1,0,0,0,1,0,0,41,1,0,0,0,0,0
863,5,6,6,5,4,4,5,4,6,4,4,5,180,0,0,0,0,0,0,0,1,0,0,0,0,0,0,1,0,0,1,0,0,24,1,1,0,1,0,0
864,1,5,3,1,3,3,3,3,5,2,3,1,220,0,0,0,0,0,0,1,0,0,0,0,0,1,1,0,1,1,1,1,0,39,0,1,0,0,0,1
865,5,1,4,3,4,2,3,1,3,4,4,3,260,1,0,0,1,0,0,0,0,0,0,0,0,0,0,0,0,0,1,0,0,35,1,0,0,0,0,1
866,4,7,4,5,3,5,4,4,3,6,5,7,220,1,0,0,0,0,0,0,0,0,0,0,0,1,0,0,1,1,0,1,1,27,1,0,0,0,0,0
867,3,6,3,3,3,3,3,4,3,2,3,3,270,0,0,0,1,0,0,0,0,0,0,0,0,1,1,0,0,1,1,0,0,43,0,0,0,0,0,1
868,4,7,2,6,2,4,5,6,2,5,3,4,180,0,0,0,0,0,0,0,0,0,0,0,1,0,1,0,0,0,1,0,1,39,0,1,0,0,0,1
869,4,5,6,5,4,6,3,5,3,5,6,4,190,1,0,0,0,0,0,0,0,0,1,0,0,1,1,1,1,1,0,1,1,29,1,1,0,0,0,0
870,5,3,6,2,5,4,5,3,5,5,5,5,200,0,0,0,0,0,0,0,0,0,0,0,1,1,1,1,1,1,1,1,1,24,1,1,0,1,0,0
871,3,5,4,5,3,5,5,7,3,5,6,4,170,0,0,0,0,0,0,0,0,0,1,0,0,1,1,1,1,1,0,0,1,28,1,1,0,0,0,0
872,3,4,5,4,3,6,5,7,4,5,6,4,200,1,0,0,0,0,0,0,0,0,1,0,0,1,1,1,1,0,0,1,1,30,1,1,0,1,0,0
873,4,4,4,4,3,6,2,6,2,6,6,4,130,1,0,0,0,0,0,0,0,0,1,0,0,1,1,1,1,0,0,1,1,27,1,1,0,0,0,0
874,4,4,5,4,3,6,3,6,3,5,6,6,140,1,0,0,0,0,0,0,0,0,1,0,0,1,1,1,1,1,0,0,1,29,1,0,0,0,0,0
875,4,4,6,3,4,5,3,3,2,5,6,4,150,0,0,0,0,0,0,0,0,0,1,0,0,1,1,1,1,0,0,1,1,28,1,1,0,0,0,0
876,4,6,6,5,4,6,5,4,3,5,4,6,200,1,0,0,0,0,0,0,0,0,0,0,0,1,0,0,0,0,1,0,1,35,0,0,0,0,0,1
877,4,3,5,1,4,3,4,1,5,4,3,3,180,1,0,0,0,0,1,0,0,0,0,0,0,1,0,0,1,0,1,1,1,33,0,1,0,0,0,1
878,6,4,2,3,2,2,3,4,5,5,4,3,230,0,0,0,0,0,0,0,0,0,0,0,1,1,1,0,1,1,1,1,1,42,1,1,0,0,1,0
879,3,4,4,5,4,3,3,3,3,3,2,4,100,0,0,0,0,0,0,0,1,0,0,0,0,1,1,0,1,1,1,1,0,41,0,1,0,0,1,0
880,3,3,5,3,4,4,4,3,3,2,3,3,180,0,0,0,0,0,0,1,0,0,0,0,0,1,1,0,1,1,1,1,0,38,0,1,0,0,1,0
881,5,6,7,4,5,7,5,4,4,7,6,7,250,1,0,0,0,0,0,0,0,0,0,0,0,1,0,0,0,0,1,0,1,25,1,0,0,0,1,0
882,5,5,3,5,3,2,3,4,3,4,3,3,220,1,0,0,0,1,0,0,0,0,0,0,0,1,1,0,1,1,1,1,1,40,0,1,0,0,1,0
883,4,4,2,4,2,4,4,5,2,4,3,2,220,1,0,0,0,0,0,0,0,0,0,0,1,0,1,0,0,1,1,0,1,37,0,1,0,0,1,0
884,4,4,7,4,5,3,3,3,3,3,3,4,190,1,0,0,0,0,0,0,0,0,0,0,0,0,0,0,0,0,1,0,0,38,1,0,0,0,1,0
885,5,5,3,4,3,4,5,4,3,6,4,6,310,1,0,0,0,0,0,0,0,0,0,0,0,1,1,0,1,1,1,1,1,35,0,0,0,0,0,1
886,3,6,2,4,2,3,4,5,3,4,2,4,250,0,1,0,0,0,0,0,0,0,0,0,1,0,1,0,1,1,1,1,0,37,1,0,0,0,0,0
887,4,6,4,5,3,5,5,4,3,5,4,6,250,1,0,0,0,0,0,0,0,0,0,0,0,1,0,0,0,1,1,1,1,31,0,0,0,0,1,0
888,4,7,2,1,2,1,3,2,1,3,3,4,200,0,0,0,0,0,0,0,0,0,0,1,0,0,0,0,0,0,1,0,0,39,0,1,0,0,1,0
889,5,6,4,3,3,4,3,3,3,5,3,5,230,1,0,0,0,0,0,0,0,0,0,1,0,1,1,0,1,1,1,1,1,35,0,1,0,0,1,0
890,4,5,3,6,2,3,7,4,3,4,2,4,240,0,0,0,0,0,0,0,0,0,0,0,1,0,1,0,1,1,1,1,1,39,1,1,0,1,0,0
891,4,4,5,4,4,5,5,4,5,5,6,4,180,1,0,0,0,0,0,0,0,0,1,0,0,1,1,0,1,0,0,0,1,25,1,1,0,0,0,0
892,4,3,1,7,2,4,7,6,4,4,1,4,210,0,0,0,0,0,0,0,0,0,0,0,1,0,1,0,1,0,1,0,0,40,1,1,0,0,1,0
893,3,6,4,2,3,4,3,4,2,2,3,3,230,1,0,0,0,1,0,0,0,0,0,0,0,0,1,0,0,0,1,0,1,42,1,1,0,0,1,0
894,4,4,7,4,5,6,6,4,3,7,6,6,250,1,1,0,0,0,0,0,0,0,0,0,0,1,0,0,1,1,1,1,1,32,1,0,0,0,0,0
895,3,5,6,5,4,5,6,5,3,5,5,5,230,1,1,0,0,0,0,0,0,0,0,0,0,0,1,0,0,0,1,0,1,38,0,0,0,0,0,0
896,5,1,5,5,4,3,3,1,1,4,3,4,240,1,0,0,0,0,0,0,0,0,1,0,0,1,0,0,1,0,1,1,1,38,1,1,0,0,1,0
897,3,4,7,3,5,6,6,5,3,7,6,6,280,1,1,0,0,0,0,0,0,0,0,0,0,0,0,0,0,0,1,0,1,31,0,0,0,0,0,1
898,3,1,3,6,3,3,3,3,3,2,2,4,190,0,0,0,0,1,0,0,0,0,0,0,0,1,1,0,0,1,1,0,1,42,1,1,0,0,1,0
899,7,7,5,5,4,5,7,5,3,7,5,7,260,1,0,0,0,0,0,0,0,0,0,0,0,0,0,0,0,0,1,0,1,35,0,0,0,0,0,0
900,5,3,4,6,4,7,2,5,6,5,6,6,190,0,0,0,0,0,0,0,0,0,1,0,0,1,1,1,1,1,0,1,1,28,1,1,0,0,0,0
901,5,1,3,7,2,4,7,6,4,5,3,5,210,1,0,0,0,0,0,0,0,0,0,0,1,0,1,1,1,1,1,1,0,38,1,1,0,0,0,1
902,4,5,3,5,3,5,6,5,3,5,4,6,230,1,0,0,0,0,0,0,0,0,0,0,0,1,1,0,1,1,1,1,1,33,0,0,0,0,1,0
903,7,6,6,5,4,5,7,5,3,7,6,7,340,1,0,0,0,0,0,0,0,0,0,0,0,1,1,0,1,1,0,1,1,33,1,0,0,0,0,1
904,4,6,5,4,3,5,5,5,3,6,5,6,280,1,0,0,0,0,0,0,0,0,0,0,0,1,1,0,1,1,0,1,1,29,1,0,0,0,0,0
905,5,3,5,3,3,5,3,4,2,5,6,4,230,0,0,0,0,0,0,0,0,0,1,0,0,1,1,1,1,0,0,0,1,27,1,1,0,0,0,0
906,6,7,5,5,4,5,7,5,3,7,5,7,230,1,0,0,0,0,0,0,0,0,0,0,0,1,0,0,1,0,1,1,1,26,0,0,0,0,1,0
907,4,5,4,7,4,7,2,7,3,5,6,6,180,1,0,0,0,0,0,0,0,0,1,0,0,1,1,1,1,1,0,1,1,25,1,1,0,0,0,0
908,5,4,5,4,3,5,3,4,2,5,6,4,160,1,0,0,0,0,0,0,0,0,1,0,0,1,1,1,1,0,0,1,1,25,1,1,0,0,0,1
909,3,4,6,3,4,5,5,4,3,5,6,4,130,1,0,0,0,0,0,0,0,0,1,0,0,1,0,0,1,1,1,1,1,27,1,1,0,0,0,0
910,3,4,4,5,3,4,3,4,3,1,1,3,160,0,0,0,0,1,0,0,0,0,0,0,0,1,1,0,1,1,1,1,1,39,0,0,0,0,1,0
911,6,4,6,3,5,3,5,2,7,5,5,4,270,1,0,0,0,0,0,0,0,0,1,0,0,0,0,1,0,0,1,0,1,29,1,1,0,0,0,1
912,4,4,4,4,3,6,3,7,3,5,6,6,250,0,1,0,0,0,0,0,0,0,1,0,0,1,0,1,1,0,1,0,1,25,1,0,0,0,0,0
913,6,6,7,5,5,5,7,5,3,7,6,6,230,1,0,0,0,0,0,0,0,0,0,0,0,0,0,0,0,0,1,0,1,25,0,0,0,0,1,0
914,6,4,7,2,5,4,5,2,6,5,4,5,200,1,0,0,0,0,0,0,0,0,0,0,1,1,1,1,1,1,0,1,1,30,1,1,0,0,0,1
915,4,7,4,5,3,5,5,5,3,5,3,7,320,1,0,0,0,0,0,0,0,0,0,0,0,1,1,0,1,1,1,1,1,36,0,0,0,0,1,0
916,6,4,7,3,5,5,7,4,7,6,5,5,180,0,0,0,0,0,1,0,0,0,0,0,0,1,0,1,1,0,1,1,1,25,1,1,0,1,0,0
917,3,5,4,5,3,3,4,4,4,3,3,5,190,0,0,0,0,1,0,0,0,0,0,0,0,1,1,0,1,1,1,0,0,45,0,1,0,0,1,0
918,4,7,5,5,4,4,3,3,3,6,5,4,150,0,0,0,0,0,0,0,0,0,1,0,0,0,1,1,1,0,1,1,1,30,1,1,0,0,0,0
919,3,5,3,5,2,4,5,6,1,4,3,2,190,1,0,0,0,0,0,0,0,0,0,0,1,0,1,1,1,1,1,1,0,38,1,1,0,1,0,0
920,2,1,1,1,2,2,3,4,6,1,1,4,250,0,0,0,0,0,0,0,0,0,0,0,1,1,1,0,1,1,1,0,1,42,1,0,0,0,1,0
921,4,4,6,4,4,4,3,3,4,4,4,3,220,0,0,0,1,0,0,0,0,0,0,0,0,1,0,0,1,0,1,1,1,39,0,0,0,1,0,0
922,4,7,7,5,4,6,7,5,4,6,6,6,230,1,0,0,0,0,0,0,0,0,0,0,0,1,0,0,1,0,1,1,1,27,1,0,0,0,1,0
923,4,5,1,4,1,3,7,6,2,3,2,4,390,1,1,0,0,0,0,0,0,0,0,0,1,0,1,1,0,0,1,0,0,44,0,1,0,0,1,0
924,3,3,2,4,2,3,4,5,1,5,4,2,190,0,0,0,0,0,0,0,0,0,0,0,1,0,1,1,1,1,1,0,1,42,0,1,0,1,0,0
925,6,1,2,7,3,1,3,3,3,3,1,4,230,0,0,0,1,0,0,0,0,0,0,0,0,0,0,0,0,0,1,0,1,39,0,0,0,1,0,0
926,3,7,1,4,2,4,4,5,1,3,2,4,170,1,0,0,0,0,0,0,0,0,0,0,1,0,1,1,1,1,1,1,0,37,1,1,0,0,0,1
927,4,6,2,5,2,4,7,5,2,5,3,4,250,1,0,0,0,0,0,0,0,0,0,0,1,0,0,0,0,0,1,0,1,35,0,1,0,0,0,1
928,3,1,2,4,2,4,5,7,1,4,3,2,200,0,0,0,0,0,0,0,0,0,0,0,1,0,0,0,0,0,1,0,0,37,1,1,0,1,0,0
929,6,1,7,3,6,5,5,2,5,5,4,5,200,0,0,0,0,0,1,0,0,0,0,0,0,0,1,1,0,1,1,1,0,25,0,1,0,0,0,1
930,3,6,5,4,4,3,3,3,3,1,2,3,200,0,0,0,0,0,0,0,1,0,0,0,0,1,1,0,1,1,1,1,0,40,0,1,0,0,1,0
931,5,2,3,5,3,2,3,2,2,3,2,4,250,0,0,0,0,0,0,0,0,0,0,0,1,0,0,0,0,0,1,0,1,46,0,1,0,0,1,0
932,4,6,6,4,4,6,7,5,3,7,6,6,230,1,0,0,0,0,0,0,0,0,0,0,0,0,0,0,0,0,1,0,1,32,0,0,0,0,0,0
933,1,4,1,4,2,4,5,7,4,1,1,4,190,1,0,0,0,0,0,0,0,0,0,0,1,0,0,0,0,1,1,0,1,39,0,1,0,0,1,0
934,4,6,6,2,4,4,3,3,4,4,3,3,240,0,0,0,1,0,0,0,0,0,0,0,0,1,1,0,1,1,1,1,0,32,0,0,0,0,1,0
935,3,6,5,1,4,4,3,3,4,2,4,3,160,0,0,0,0,0,0,0,0,0,0,0,1,1,1,0,0,0,1,0,1,46,0,0,0,1,0,0
936,4,3,6,4,4,4,3,4,4,3,4,4,150,0,0,0,0,0,1,0,0,0,0,0,0,0,0,0,0,0,1,0,0,38,1,1,0,1,0,0
937,7,6,3,7,2,4,7,5,2,4,2,2,360,1,0,0,0,0,0,0,0,0,0,0,1,0,1,0,1,1,1,1,1,35,0,0,0,0,0,0
938,4,2,6,5,4,6,7,5,3,7,6,6,230,1,0,0,0,0,0,0,0,0,0,0,0,0,0,0,0,0,1,0,1,31,1,0,0,0,1,0
939,5,4,5,4,3,5,4,4,2,5,6,4,170,1,0,0,0,0,0,0,0,0,1,0,0,1,1,1,1,0,1,0,1,26,1,1,0,1,0,0
940,2,3,3,4,2,5,4,5,4,4,4,4,200,0,1,0,0,0,0,0,0,0,0,0,1,0,1,0,1,1,0,1,0,42,0,0,0,1,0,0
941,5,7,1,7,1,3,3,6,6,1,1,4,240,0,0,0,0,0,0,0,0,0,1,0,0,0,1,0,0,1,1,1,1,39,0,1,0,0,0,1
942,4,4,2,5,2,4,3,4,3,4,3,5,230,0,0,0,1,0,0,0,0,0,0,0,0,1,1,0,1,1,1,1,0,45,1,0,0,0,0,1
943,2,1,6,1,5,4,3,2,6,1,4,3,150,0,0,0,0,0,0,0,0,0,0,1,0,1,1,0,1,0,1,0,0,44,0,1,0,0,0,1
944,4,5,2,4,2,4,6,6,1,5,4,2,220,0,1,0,0,0,0,0,0,0,0,0,1,0,1,0,0,1,1,0,0,44,1,0,0,0,0,1
945,5,5,3,5,3,5,7,5,3,5,5,7,210,1,0,0,0,0,0,0,0,0,0,0,0,1,1,0,1,1,1,1,1,35,1,0,0,0,0,0
946,3,4,3,4,2,4,5,4,1,5,4,4,200,0,0,0,0,0,0,0,0,0,0,0,1,0,0,0,1,0,1,1,0,35,1,1,0,1,0,0
947,3,6,5,4,3,3,4,4,6,6,4,5,250,0,0,0,1,0,0,0,0,0,0,0,0,0,0,0,0,1,1,0,1,40,0,1,0,0,0,1
948,3,5,3,5,2,3,3,3,4,4,3,3,170,0,0,0,0,0,0,0,1,0,0,0,0,1,1,0,0,1,1,0,1,44,1,1,0,0,1,0
949,3,4,4,4,3,3,4,3,6,3,4,5,160,0,0,0,0,0,0,0,0,0,0,1,0,0,0,0,0,0,1,0,0,45,1,1,0,1,0,0
950,5,5,1,5,1,3,7,6,4,3,2,4,190,1,1,0,0,0,0,0,0,0,0,0,1,0,0,0,0,0,1,0,0,40,0,0,0,0,0,0
951,4,4,4,4,5,7,4,5,6,5,7,6,250,0,0,0,0,0,0,0,0,0,1,0,0,1,1,1,1,1,1,1,1,25,1,0,0,0,0,0
952,4,6,3,7,2,4,7,6,1,4,2,2,310,1,0,0,0,0,0,0,0,0,0,0,1,0,0,0,0,1,1,0,0,39,0,1,0,0,0,1
953,4,3,4,1,5,6,2,3,3,5,7,4,160,0,0,0,0,0,0,0,0,0,0,1,0,1,1,1,1,1,0,1,1,25,1,1,0,0,0,1
954,4,4,6,4,4,6,3,4,4,5,7,4,220,1,0,0,0,0,0,0,0,0,0,1,0,0,1,0,1,0,0,0,1,25,1,1,0,0,0,0
955,4,3,4,1,3,2,4,1,4,3,4,4,190,0,0,0,0,1,0,0,0,0,0,0,0,1,1,0,1,1,1,1,1,39,0,0,0,0,0,1
956,2,5,4,4,3,3,3,4,2,5,3,4,200,0,0,0,0,1,0,0,0,0,0,0,0,1,1,0,0,0,1,0,1,42,1,1,0,0,0,1
957,5,5,4,6,5,7,2,6,6,5,7,6,230,0,0,0,0,0,0,0,0,0,0,1,0,1,0,0,1,0,0,1,1,27,1,0,0,0,0,0
958,3,4,3,3,3,3,4,4,5,3,3,5,280,0,1,1,0,0,0,0,0,0,0,0,0,0,0,0,0,0,1,0,0,41,1,0,0,0,0,1
959,5,5,3,5,3,1,2,1,2,3,2,4,260,0,0,0,0,0,0,0,0,0,0,0,1,0,0,0,0,0,1,0,0,37,0,0,0,0,0,1
960,5,7,2,7,2,4,5,6,2,5,3,2,330,1,0,0,0,0,0,0,0,0,0,0,1,0,0,0,0,0,1,0,0,30,1,1,0,0,1,0
961,5,4,4,3,4,2,3,3,3,4,4,3,270,0,0,0,0,1,0,0,0,0,0,0,0,0,0,0,0,0,1,0,1,38,0,1,0,0,1,0
962,4,4,7,3,5,4,3,2,3,4,3,4,180,0,0,0,0,0,0,0,1,0,0,0,0,1,0,0,0,1,1,0,1,40,0,1,0,0,0,0
963,3,3,3,2,3,3,3,4,5,1,2,4,170,0,0,0,0,0,0,1,0,0,0,0,0,1,0,0,1,0,1,1,0,39,0,1,0,1,0,0
964,4,6,4,4,3,4,7,5,3,7,4,4,270,1,0,0,0,0,0,0,0,0,0,0,0,0,0,0,0,0,1,0,1,31,1,0,0,0,1,0
965,3,4,7,4,5,4,3,1,2,2,4,3,200,0,0,0,0,0,1,0,0,0,0,0,0,1,0,1,1,0,1,1,1,39,1,1,0,0,1,0
966,4,4,5,3,4,3,3,2,5,4,4,3,170,0,0,0,0,0,1,0,0,0,0,0,0,1,1,1,1,1,1,1,0,38,1,1,0,1,0,0
967,2,6,6,5,4,6,5,4,3,6,5,4,150,1,1,0,0,0,0,0,0,0,0,1,0,1,0,1,1,1,0,0,1,31,1,0,1,0,0,0
968,3,4,3,4,3,3,1,3,4,2,2,4,160,0,0,0,0,0,0,0,0,0,0,1,0,1,1,1,1,1,1,1,0,41,0,1,0,1,0,0
969,5,3,7,2,5,4,6,2,5,5,5,5,110,1,0,0,0,0,1,0,0,0,0,0,0,0,0,1,1,0,1,1,0,25,1,1,0,0,0,1
970,1,4,2,5,2,5,4,6,3,1,1,4,350,1,0,0,0,0,0,0,0,0,0,0,1,0,1,0,1,1,1,1,0,38,0,1,0,0,0,0
971,5,6,3,6,2,3,6,4,2,3,3,4,310,1,0,0,0,0,0,0,0,0,0,0,1,0,0,0,0,1,1,1,0,37,1,1,0,0,0,1
972,4,6,2,6,2,3,6,5,2,1,1,4,320,1,0,0,0,0,0,0,0,0,0,0,1,0,1,0,0,1,1,0,0,37,1,1,0,0,0,0
973,3,3,3,4,2,4,7,5,1,4,4,2,220,1,1,0,0,0,0,0,0,0,0,0,1,0,0,0,1,1,1,1,0,39,0,0,0,1,0,0
974,3,4,3,4,3,4,6,4,1,5,5,3,210,0,0,0,0,0,0,0,0,0,0,0,1,0,1,0,1,1,0,1,1,31,0,1,0,0,1,0
975,6,4,7,4,7,6,7,4,5,5,5,6,150,0,0,0,0,0,0,1,0,0,0,0,0,1,1,1,0,1,1,1,1,31,1,1,0,0,0,1
976,4,3,5,3,4,4,4,4,5,3,4,4,220,0,1,0,0,0,0,0,0,0,0,0,1,1,1,1,0,1,1,1,0,40,1,1,0,1,0,0
977,6,5,5,5,4,5,7,5,3,7,6,7,240,1,0,0,0,0,0,0,0,0,0,0,0,1,0,0,0,1,1,0,1,31,0,0,0,0,0,0
978,7,5,4,4,4,2,4,1,3,4,4,4,270,0,0,0,0,0,0,0,0,0,1,0,0,1,0,0,0,0,1,0,1,33,1,1,0,1,0,0
979,7,5,4,4,3,2,4,3,4,6,5,4,220,0,0,0,1,0,0,0,0,0,0,0,0,1,1,1,1,1,1,1,1,40,1,1,1,0,0,0
980,4,4,6,5,4,6,7,5,4,7,6,7,180,1,0,0,0,0,0,0,0,0,0,0,0,1,0,0,0,0,1,0,1,26,1,0,0,0,0,1
981,2,3,5,3,4,3,4,3,3,3,3,4,240,0,1,0,0,1,0,0,0,0,0,0,0,1,1,1,1,1,1,0,1,46,0,1,0,1,0,0
982,4,7,6,5,4,6,7,4,3,7,6,7,260,1,1,0,0,0,0,0,0,0,0,0,0,1,1,0,1,1,0,1,1,34,1,0,0,0,1,0
983,3,4,3,4,3,2,4,2,5,2,1,3,260,0,1,0,0,0,0,0,0,1,0,0,0,1,0,0,0,0,1,0,0,44,0,0,0,1,0,0
984,3,2,5,4,4,3,3,2,3,3,3,4,140,0,0,0,0,0,0,0,0,0,0,0,1,1,0,0,0,0,1,0,1,41,1,0,1,0,0,0
985,5,6,4,3,3,6,2,7,2,6,6,6,220,1,0,0,0,0,0,0,0,0,0,1,0,0,1,1,1,0,0,0,1,25,1,1,0,0,0,0
986,4,3,3,4,3,4,7,4,3,6,5,5,240,1,0,0,0,0,0,0,0,0,0,0,0,1,0,0,0,0,1,0,1,33,1,0,0,0,0,1
987,5,6,2,5,2,1,4,3,3,3,1,4,210,0,1,0,0,0,0,0,1,0,0,0,0,1,0,1,1,0,1,0,0,40,1,1,0,1,0,0
988,5,5,7,4,6,5,7,3,4,6,5,5,220,1,0,0,0,0,0,0,0,0,1,0,0,1,0,1,0,0,1,0,0,25,0,1,0,0,0,1
989,4,6,4,2,4,6,4,4,2,6,6,4,220,1,0,0,0,0,0,0,0,0,0,1,0,1,1,1,1,0,0,0,1,27,1,1,0,0,0,0
990,3,3,5,3,3,6,3,7,4,5,7,6,180,1,1,0,0,0,0,0,0,0,0,1,0,1,1,1,1,0,0,0,1,29,1,0,0,0,0,0
991,4,1,6,4,4,6,5,5,3,5,6,6,230,1,0,0,0,0,0,0,0,0,0,0,0,1,1,0,1,1,1,0,1,37,1,0,0,0,1,0
992,3,6,5,4,4,4,4,3,3,2,3,3,180,0,0,0,0,0,0,0,0,0,0,1,0,1,1,1,1,1,1,1,0,41,1,1,0,1,0,0
993,5,7,7,3,5,4,7,3,4,5,5,5,240,1,0,0,0,0,1,0,0,0,0,0,0,1,0,1,0,0,1,0,1,24,0,1,0,0,0,1
994,4,7,5,2,3,6,2,6,2,5,6,4,210,1,0,0,0,0,0,0,0,0,0,1,0,1,1,0,1,1,0,1,1,25,1,0,0,0,0,0
995,3,7,6,3,4,6,5,4,3,5,6,4,170,1,1,0,0,0,0,0,0,0,0,1,0,1,1,1,1,1,0,1,1,30,1,0,0,0,0,0
996,4,5,4,5,3,5,5,4,3,6,5,6,320,1,1,0,0,0,0,0,0,0,0,0,0,1,1,0,0,0,1,0,1,37,0,0,0,0,0,1
997,3,7,2,7,2,4,6,5,1,5,2,5,200,1,0,0,0,0,0,0,0,0,0,0,0,0,0,0,1,1,1,1,1,36,0,1,0,0,0,0
998,4,5,2,6,2,4,7,7,2,4,3,5,200,0,0,0,0,0,0,0,0,0,0,0,0,0,1,0,1,1,1,0,1,40,0,1,0,0,0,0
999,3,1,5,1,4,4,4,3,4,2,4,3,180,0,0,0,0,0,0,0,0,0,0,1,0,1,0,0,0,0,1,0,1,39,0,1,1,0,0,0
1000,5,1,5,6,3,4,7,4,3,7,5,5,290,1,0,0,0,0,0,0,0,0,0,0,0,1,1,0,1,1,0,1,1,29,1,1,0,0,1,0
